tavg,prec,tmax,tmin,vapr,wind
8.449999809265137,1.0,14.7333345413208,2.1666667461395264,0.996666669845581,1.0
11.07083284854889,40.625,17.428126215934753,4.885416656732559,1.214166671037674,1.4041666388511658
13.691665887832642,80.25,20.122917890548706,7.604166567325592,1.4316666722297668,1.8083332777023315
16.312498927116394,119.875,22.81770956516266,10.322916477918625,1.6491666734218597,2.2124999165534973
18.933331966400146,159.5,25.51250123977661,13.041666388511658,1.8666666746139526,2.616666555404663
21.5541650056839,199.125,28.207292914390564,15.76041629910469,2.0841666758060455,3.020833194255829
24.174998044967655,238.75,30.902084589004517,18.479166209697723,2.3016666769981384,3.4249998331069946
26.795831084251407,278.375,33.59687626361847,21.197916120290756,2.5191666781902313,3.8291664719581604
29.41666412353516,318.0,36.29166793823242,23.91666603088379,2.736666679382324,4.233333110809326
