tavg,prec,tmax,tmin,vapr,wind
4.8749995,26.166666,10.175,-0.39999995,0.82666665,0.8999999
7.6822908125,50.156249,13.044791875000001,2.6541669187500005,1.06677078125,1.2937499125
10.489582125,74.145832,15.914583750000002,5.708333787500001,1.3068749125,1.687499925
13.2968734375,98.135415,18.784375625000003,8.762500656250001,1.54697904375,2.0812499375
16.10416475,122.124998,21.6541675,11.816667525000002,1.787083175,2.47499995
18.9114560625,146.114581,24.523959375000004,14.870834393750002,2.02718730625,2.8687499625
21.718747375,170.104164,27.39375125,17.9250012625,2.2672914375,3.262499975
24.5260386875,194.09374699999998,30.263543125,20.97916813125,2.50739556875,3.6562499875
27.33333,218.08333,33.133335,24.033335,2.7474997,4.05
