lat,lon,Date,search_state,species
0.499269,34.288866,2019-09-26,Busia County,FAW
-1.261967,36.801239,2019-03-14,Nairobi County,FAW
0.9187688,34.9299407,2018-07-14,Trans-Nzoia County,FAW
0.504638,34.138156,2019-09-16,Busia County,FAW
-0.0869941,37.6630762,2019-04-09,Meru County,FAW
0.4831488,37.6090933,2019-04-24,Meru County,FAW
0.551105,34.261607,2019-09-02,Busia County,FAW
0.536165,34.25831,2019-09-02,Busia County,FAW
0.499269,34.288866,2019-10-01,Busia County,FAW
0.460818,34.105675,2021-01-06,Busia County,FAW
-1.5683764,37.078103,2019-04-03,Machakos County,FAW
-0.2845506,36.0704836,2019-02-14,Nakuru,FAW
-3.435616,39.896317,2021-07-15,Kilifi County,FAW
0.499269,34.288866,2019-09-16,Busia County,FAW
0.554142,34.175648,2021-07-06,Busia County,FAW
0.54943,34.260564,2021-05-06,Busia County,FAW
0.562,34.27845,2019-05-14,Busia County,FAW
0.697794,34.350563,2019-10-15,Busia County,FAW
0.545675,34.264908,2021-01-27,Busia County,FAW
-3.650488,39.789663,2021-05-17,Kilifi County,FAW
0.499269,34.288866,2019-09-16,Busia County,FAW
0.499269,34.288866,2019-09-25,Busia County,FAW
0.407613,34.193631,2021-05-03,Busia County,FAW
0.551277,34.262762,2019-05-27,Busia County,FAW
-1.5681674,37.0770898,2019-04-03,Machakos County,FAW
0.544665,34.262594,2019-08-29,Busia County,FAW
0.544665,34.262594,2019-09-03,Busia County,FAW
0.791408,34.718649,2021-05-06,Bungoma County,FAW
0.551105,34.261607,2019-09-03,Busia County,FAW
0.460839,34.105703,2021-01-06,Busia County,FAW
0.375406,34.353459,2021-06-15,Busia County,FAW
0.565253,34.386351,2021-06-08,Bungoma County,FAW
1.0968928,34.7866426,2018-06-29,Trans-Nzoia County,FAW
0.544665,34.262594,2019-08-30,Busia County,FAW
0.499269,34.288866,2019-09-25,Busia County,FAW
0.4831488,37.6090933,2019-04-24,Meru County,FAW
0.520434,34.257097,2020-04-28,Busia County,FAW
-3.422529,39.900857,2021-06-23,Kilifi County,FAW
0.551105,34.261607,2019-08-28,Busia County,FAW
0.464761,34.102925,2019-08-21,Busia County,FAW
0.552766,34.335819,2019-05-25,Busia County,FAW
0.499269,34.288866,2019-09-18,Busia County,FAW
0.50538,34.248986,2021-05-26,Busia County,FAW
0.544665,34.262594,2019-09-04,Busia County,FAW
0.592516,34.572403,2021-05-27,Bungoma County,FAW
-1.210481,36.8510154,2019-03-20,Nairobi County,FAW
0.462374,34.108853,2019-05-20,Busia County,FAW
0.544665,34.262594,2019-08-29,Busia County,FAW
0.464113,34.104331,2019-08-22,Busia County,FAW
0.275283,34.130802,2021-05-03,Busia County,FAW
0.545441,34.263172,2019-09-12,Busia County,FAW
0.496708,34.204908,2019-10-18,Busia County,FAW
-1.5315163,37.2611855,2019-06-11,Machakos County,FAW
-1.5305131,37.262693,2019-06-11,Machakos County,FAW
-0.285463,36.069977,2019-12-17,Nakuru,FAW
0.544665,34.262594,2019-09-02,Busia County,FAW
-1.1971817,36.8384783,2019-08-09,Kiambu,FAW
0.53956,34.619328,2021-05-18,Bungoma County,FAW
-0.7756736,35.4640089,2018-11-22,Bomet,FAW
0.499269,34.288866,2019-09-26,Busia County,FAW
0.53375,34.526797,2021-05-24,Bungoma County,FAW
0.504638,34.138156,2019-09-20,Busia County,FAW
0.526734,34.518866,2020-06-11,Bungoma County,FAW
0.592266,34.573431,2021-05-20,Bungoma County,FAW
0.504638,34.138156,2019-09-25,Busia County,FAW
-3.276447,40.006094,2021-05-18,Kilifi County,FAW
-3.129576,40.122393,2021-05-20,Kilifi County,FAW
0.464798,34.102901,2019-08-14,Busia County,FAW
0.464761,34.102925,2019-08-21,Busia County,FAW
0.464761,34.102925,2019-08-21,Busia County,FAW
-1.2623592,36.8013114,2019-03-14,Nairobi County,FAW
0.464761,34.102925,2019-08-22,Busia County,FAW
-1.5290018,37.2628393,2019-06-12,Machakos County,FAW
1.0947321,34.770922,2018-07-28,Trans-Nzoia County,FAW
0.537351,34.233165,2019-05-17,Busia County,FAW
0.536165,34.25831,2019-09-10,Busia County,FAW
0.487762,34.23994,2019-10-17,Busia County,FAW
0.464761,34.102925,2019-08-22,Busia County,FAW
-1.2620996,36.8013086,2019-03-14,Nairobi County,FAW
-0.7926621,35.470147,2018-08-10,Bomet,FAW
0.709391,34.381132,2019-08-27,Busia County,FAW
0.524397,34.260741,2019-09-26,Busia County,FAW
0.608626,34.542627,2021-10-18,Bungoma County,FAW
1.1080253,34.8073823,2018-07-06,Trans-Nzoia County,FAW
-1.2652821,36.7365136,2019-07-16,Nairobi County,FAW
0.499269,34.288866,2019-10-08,Busia County,FAW
-0.794748,35.4120332,2018-08-10,Bomet,FAW
0.499269,34.288866,2019-09-26,Busia County,FAW
0.6014712,34.6187514,2018-09-14,Bungoma County,FAW
0.412595,34.134939,2021-10-18,Busia County,FAW
-0.285456,36.070433,2019-12-17,Nakuru,FAW
-3.900834,39.766704,2021-05-13,Kilifi County,FAW
0.499269,34.288866,2019-09-16,Busia County,FAW
0.544665,34.262594,2019-08-19,Busia County,FAW
0.519901,34.257588,2021-06-03,Busia County,FAW
0.583829,34.26234,2019-05-24,Busia County,FAW
0.645349,34.28713,2019-05-28,Busia County,FAW
0.357263,34.172837,2019-12-03,Busia County,FAW
0.412919,34.133361,2021-06-22,Busia County,FAW
0.545441,34.263172,2019-09-11,Busia County,FAW
0.536165,34.25831,2019-09-02,Busia County,FAW
0.544665,34.262594,2019-08-19,Busia County,FAW
0.541221,34.260381,2019-08-16,Busia County,FAW
0.552766,34.335819,2019-05-25,Busia County,FAW
0.464761,34.102925,2019-08-22,Busia County,FAW
0.499269,34.288866,2019-09-25,Busia County,FAW
0.645349,34.28713,2019-05-28,Busia County,FAW
0.602632,34.36764,2019-05-25,Busia County,FAW
0.541221,34.260381,2019-08-16,Busia County,FAW
-1.1703427,36.8581619,2019-07-11,Kiambu,FAW
0.565305,34.279623,2019-05-22,Busia County,FAW
-3.173256,39.978629,2021-03-16,Kilifi County,FAW
0.524397,34.260741,2019-08-23,Busia County,FAW
0.597916,34.574553,2021-05-24,Bungoma County,FAW
0.619419,34.340578,2019-10-14,Busia County,FAW
0.564055,34.530102,2021-04-28,Bungoma County,FAW
-0.287269,36.073152,2019-12-17,Nakuru,FAW
0.499269,34.288866,2019-10-14,Busia County,FAW
0.277717,36.379493,2020-03-03,Laikipia County,FAW
0.277604,34.108505,2021-05-31,Busia County,FAW
0.499269,34.288866,2019-09-16,Busia County,FAW
0.465357,34.235507,2021-05-03,Busia County,FAW
0.552766,34.335819,2019-05-25,Busia County,FAW
0.544665,34.262594,2019-09-02,Busia County,FAW
-1.210481,36.8510154,2019-03-20,Nairobi County,FAW
-0.287313,36.074532,2019-12-17,Nakuru,FAW
0.544665,34.262594,2019-09-04,Busia County,FAW
0.561815,34.269422,2019-05-27,Busia County,FAW
0.524397,34.260741,2019-09-26,Busia County,FAW
0.561411,34.287443,2019-05-22,Busia County,FAW
0.464761,34.102925,2019-09-06,Busia County,FAW
-0.285408,36.069687,2019-12-17,Nakuru,FAW
0.539806,34.220922,2019-05-16,Busia County,FAW
0.500176,34.158224,2021-05-18,Busia County,FAW
0.525157,34.256573,2021-05-12,Busia County,FAW
0.408169,34.194459,2020-05-20,Busia County,FAW
0.544856,34.262669,2019-08-14,Busia County,FAW
0.9142054,34.9360105,2018-08-11,Trans-Nzoia County,FAW
0.551105,34.261607,2019-08-20,Busia County,FAW
0.583829,34.26234,2019-05-24,Busia County,FAW
0.464761,34.102925,2019-09-06,Busia County,FAW
-3.266117,40.047128,2021-05-26,Kilifi County,FAW
1.563338,35.383911,2019-10-18,West Pokot,FAW
0.695431,34.383592,2019-08-30,Busia County,FAW
0.504638,34.138156,2019-09-16,Busia County,FAW
0.519959,34.257582,2021-07-08,Busia County,FAW
-1.1703427,36.8581619,2019-07-11,Kiambu,FAW
-1.14803,36.8007417,2019-11-14,Kiambu,FAW
0.536165,34.25831,2019-09-10,Busia County,FAW
0.536165,34.25831,2019-09-09,Busia County,FAW
0.516254,34.548512,2021-05-17,Bungoma County,FAW
-0.7950875,35.4120494,2018-08-24,Bomet,FAW
-1.5290018,37.2628393,2019-06-12,Machakos County,FAW
0.619419,34.340578,2019-10-01,Busia County,FAW
0.634052,34.28713,2019-05-29,Busia County,FAW
0.800477,34.729607,2021-06-03,Bungoma County,FAW
0.629064,34.330169,2019-05-28,Busia County,FAW
0.524397,34.260741,2019-08-27,Busia County,FAW
0.551105,34.261607,2019-08-30,Busia County,FAW
0.545441,34.263172,2019-09-11,Busia County,FAW
-3.422769,39.900814,2021-05-06,Kilifi County,FAW
-0.285847,36.070332,2019-12-17,Nakuru,FAW
0.499269,34.288866,2019-09-19,Busia County,FAW
0.464761,34.102925,2019-09-04,Busia County,FAW
0.9027378,34.9694373,2018-07-07,Trans-Nzoia County,FAW
0.608624,34.542974,2021-04-19,Bungoma County,FAW
0.544665,34.262594,2019-08-23,Busia County,FAW
-3.423791,39.900172,2021-05-19,Kilifi County,FAW
-0.285332,36.07293,2019-12-17,Nakuru,FAW
0.9142309,34.9359597,2018-06-30,Trans-Nzoia County,FAW
0.535763,34.224197,2019-09-23,Busia County,FAW
0.449915,34.21546,2021-04-20,Busia County,FAW
-0.301704,36.074096,2019-12-18,Nakuru,FAW
0.422932,34.266297,2019-08-15,Busia County,FAW
-0.2852458,36.069697,2019-02-14,Nakuru,FAW
0.585278,34.247075,2019-05-21,Busia County,FAW
-1.2105044,36.8510081,2019-03-20,Nairobi County,FAW
0.412919,34.133361,2021-06-22,Busia County,FAW
0.583829,34.26234,2019-05-24,Busia County,FAW
0.4831488,37.6090933,2019-05-08,Meru County,FAW
0.544665,34.262594,2019-08-27,Busia County,FAW
0.541221,34.260381,2019-08-14,Busia County,FAW
0.499269,34.288866,2019-09-19,Busia County,FAW
0.462374,34.108853,2019-05-20,Busia County,FAW
0.797028,34.721413,2021-06-04,Bungoma County,FAW
0.526878,34.255532,2021-05-29,Busia County,FAW
0.499269,34.288866,2019-09-19,Busia County,FAW
0.499269,34.288866,2019-10-03,Busia County,FAW
0.568752,34.617714,2021-05-03,Bungoma County,FAW
-3.892211,39.772821,2021-05-20,Kilifi County,FAW
0.545664,34.266045,2021-05-19,Busia County,FAW
0.563753,34.52902,2021-04-28,Bungoma County,FAW
0.562,34.27845,2019-05-14,Busia County,FAW
0.545441,34.263172,2019-09-12,Busia County,FAW
0.536165,34.25831,2019-09-10,Busia County,FAW
0.43578,34.207309,2021-06-21,Busia County,FAW
0.499269,34.288866,2019-10-09,Busia County,FAW
0.499269,34.288866,2019-10-01,Busia County,FAW
-1.14803,36.8057417,2019-12-09,Kiambu,FAW
0.464798,34.102901,2019-08-14,Busia County,FAW
0.695431,34.383592,2019-08-30,Busia County,FAW
0.695431,34.383592,2019-08-30,Busia County,FAW
0.8730617,34.8711783,2018-07-08,Trans-Nzoia County,FAW
0.544665,34.262594,2019-09-02,Busia County,FAW
0.27626,34.131232,2021-04-19,Busia County,FAW
0.558348,34.385325,2021-06-02,Bungoma County,FAW
-3.225757,40.011545,2021-07-01,Kilifi County,FAW
0.544665,34.262594,2019-08-29,Busia County,FAW
-3.903322,39.720753,2021-03-03,Kilifi County,FAW
0.499269,34.288866,2019-09-25,Busia County,FAW
0.8954016,34.9718332,2018-06-30,Trans-Nzoia County,FAW
-0.086941,37.660762,2019-04-09,Meru County,FAW
-1.1703427,36.8581619,2019-07-11,Kiambu,FAW
-3.435655,39.896304,2021-05-31,Kilifi County,FAW
0.530457,34.540204,2021-05-20,Bungoma County,FAW
0.585278,34.247075,2019-05-21,Busia County,FAW
0.544665,34.262594,2019-08-27,Busia County,FAW
0.536165,34.25831,2019-08-22,Busia County,FAW
0.406816,34.140002,2019-11-11,Busia County,FAW
-0.285512,36.067425,2019-12-17,Nakuru,FAW
0.499269,34.288866,2019-10-08,Busia County,FAW
0.2846143,34.7535775,2018-04-05,Kakamega County,FAW
0.536165,34.25831,2019-09-03,Busia County,FAW
0.544665,34.262594,2019-08-22,Busia County,FAW
0.9087637,34.9353294,2018-07-07,Trans-Nzoia County,FAW
0.602632,34.36764,2019-05-25,Busia County,FAW
-0.2852391,36.0696756,2019-02-12,Nakuru,FAW
0.499269,34.288866,2019-09-18,Busia County,FAW
0.551105,34.261607,2019-08-29,Busia County,FAW
-1.258074,36.772577,2019-12-09,Nairobi County,FAW
-3.423791,39.900172,2021-05-19,Kilifi County,FAW
0.499269,34.288866,2019-09-18,Busia County,FAW
1.081874,34.8247396,2018-06-29,Trans-Nzoia County,FAW
0.452256,34.352027,2019-05-16,Busia County,FAW
0.4831488,37.6090933,2019-05-08,Meru County,FAW
0.575923,34.57597,2021-05-04,Bungoma County,FAW
0.551105,34.261607,2019-09-06,Busia County,FAW
-0.28523,36.069665,2019-02-14,Nakuru,FAW
0.499269,34.288866,2019-09-26,Busia County,FAW
0.544665,34.262594,2019-08-23,Busia County,FAW
0.499269,34.288866,2019-10-03,Busia County,FAW
0.357372,34.26213,2021-10-19,Busia County,FAW
1.0951204,34.7854537,2018-07-06,Trans-Nzoia County,FAW
-1.2580011,36.7726234,2018-06-26,Nairobi County,FAW
0.1490446,36.272508,2018-08-08,Nakuru,FAW
0.497642,34.141509,2021-05-27,Busia County,FAW
-3.897663,39.770448,2021-07-01,Kilifi County,FAW
0.709391,34.381132,2019-08-28,Busia County,FAW
-3.202971,39.962784,2021-03-16,Kilifi County,FAW
0.536165,34.25831,2019-09-02,Busia County,FAW
0.278744,34.131809,2021-05-17,Busia County,FAW
0.499269,34.288866,2019-09-18,Busia County,FAW
-3.892193,39.773143,2021-07-09,Kilifi County,FAW
0.499269,34.288866,2019-09-25,Busia County,FAW
0.544665,34.262594,2019-09-03,Busia County,FAW
0.583829,34.26234,2019-05-24,Busia County,FAW
0.634052,34.28713,2019-05-29,Busia County,FAW
0.536165,34.25831,2019-09-03,Busia County,FAW
0.422932,34.266297,2019-09-10,Busia County,FAW
0.585278,34.247075,2019-05-21,Busia County,FAW
1.0062866,35.0279743,2018-09-18,Trans-Nzoia County,FAW
0.40644,34.195429,2021-05-04,Busia County,FAW
0.544665,34.262594,2019-08-27,Busia County,FAW
0.536165,34.25831,2019-09-10,Busia County,FAW
-0.285377,36.070058,2019-12-17,Nakuru,FAW
-3.418004,39.902099,2021-07-08,Kilifi County,FAW
0.499269,34.288866,2019-09-18,Busia County,FAW
0.075945,35.745971,2021-11-30,Baringo,FAW
-0.285264,36.0697735,2019-02-12,Nakuru,FAW
0.499269,34.288866,2019-10-01,Busia County,FAW
-1.5315163,37.2611855,2019-06-11,Machakos County,FAW
0.519829,34.257576,2021-06-17,Busia County,FAW
-0.8499149,35.3971826,2018-07-06,Bomet,FAW
0.586881,34.330863,2019-05-22,Busia County,FAW
0.59965185,34.62075094,2019-03-26,Bungoma County,FAW
-3.221059,39.996472,2021-05-25,Kilifi County,FAW
-1.5682105,37.0770931,2019-04-03,Machakos County,FAW
0.559707,34.285352,2019-05-22,Busia County,FAW
0.619419,34.340578,2019-09-26,Busia County,FAW
-0.2844022,36.0694287,2019-02-12,Nakuru,FAW
-0.0869941,37.6630762,2019-04-09,Meru County,FAW
1.083059,34.8487923,2018-07-13,Trans-Nzoia County,FAW
0.511629,34.146414,2019-09-16,Busia County,FAW
-0.285917,36.07023,2019-12-17,Nakuru,FAW
0.499269,34.288866,2019-10-08,Busia County,FAW
0.634052,34.28713,2019-05-29,Busia County,FAW
0.504638,34.138156,2019-09-25,Busia County,FAW
-3.24727,40.02471,2021-05-31,Kilifi County,FAW
0.460806,34.105662,2021-01-06,Busia County,FAW
0.596125,34.575545,2021-05-24,Bungoma County,FAW
0.544665,34.262594,2019-08-20,Busia County,FAW
0.544665,34.262594,2019-09-04,Busia County,FAW
-3.264196,40.051294,2021-05-26,Kilifi County,FAW
0.462374,34.108853,2019-05-20,Busia County,FAW
-0.794748,35.4120332,2018-08-31,Bomet,FAW
-0.7756688,35.4638582,2019-01-25,Bomet,FAW
0.536165,34.25831,2019-09-10,Busia County,FAW
0.592494,34.575733,2021-05-20,Bungoma County,FAW
0.499269,34.288866,2019-09-17,Busia County,FAW
-3.423791,39.900172,2021-05-12,Kilifi County,FAW
0.464113,34.104331,2019-08-22,Busia County,FAW
0.742881,34.769073,2021-06-28,Bungoma County,FAW
-3.220196,39.993906,2021-05-18,Kilifi County,FAW
-3.332285,40.00566,2021-05-20,Kilifi County,FAW
-2.854301,40.149244,2022-06-27,Kilifi County,FAW
0.551105,34.261607,2019-08-07,Busia County,FAW
0.695431,34.383592,2019-08-20,Busia County,FAW
-3.425546,39.904669,2021-05-06,Kilifi County,FAW
0.499269,34.288866,2019-09-13,Busia County,FAW
0.544665,34.262594,2019-09-04,Busia County,FAW
0.535852,34.269075,2020-04-28,Busia County,FAW
0.499269,34.288866,2019-10-09,Busia County,FAW
-1.5290018,37.2628393,2019-06-12,Machakos County,FAW
0.499269,34.288866,2019-09-25,Busia County,FAW
0.511629,34.146414,2019-09-18,Busia County,FAW
-3.354173,39.922783,2021-05-27,Kilifi County,FAW
0.352368,34.177356,2020-10-23,Busia County,FAW
0.499269,34.288866,2019-09-18,Busia County,FAW
0.499269,34.288866,2019-10-04,Busia County,FAW
0.499269,34.288866,2019-09-26,Busia County,FAW
0.464761,34.102925,2019-08-20,Busia County,FAW
0.697794,34.350563,2019-10-09,Busia County,FAW
-3.209334,39.963426,2021-03-16,Kilifi County,FAW
0.464761,34.102925,2019-08-21,Busia County,FAW
0.504638,34.138156,2019-09-16,Busia County,FAW
0.5991302,34.6212566,2019-03-27,Bungoma County,FAW
0.544665,34.262594,2019-09-03,Busia County,FAW
-0.288116,36.070484,2019-12-17,Nakuru,FAW
-3.266117,40.047128,2021-05-26,Kilifi County,FAW
0.545441,34.263172,2019-09-11,Busia County,FAW
-3.435616,39.896317,2021-06-16,Kilifi County,FAW
0.545441,34.263172,2019-09-11,Busia County,FAW
0.593942,34.575247,2021-06-10,Bungoma County,FAW
0.464761,34.102925,2019-09-09,Busia County,FAW
0.709391,34.381132,2019-08-28,Busia County,FAW
0.551105,34.261607,2019-08-28,Busia County,FAW
0.549903,34.18546,2019-05-20,Busia County,FAW
-1.5290018,37.2628393,2019-06-12,Machakos County,FAW
0.511629,34.146414,2019-10-08,Busia County,FAW
0.536165,34.25831,2019-09-09,Busia County,FAW
0.9658551,35.0565393,2018-07-14,Trans-Nzoia County,FAW
-0.460745,37.0088383,2018-04-26,Nyeri,FAW
0.493634,34.535634,2020-06-11,Bungoma County,FAW
0.544856,34.262669,2019-08-13,Busia County,FAW
-1.1768867,36.8757767,2019-08-02,Kiambu,FAW
0.462374,34.108853,2019-05-20,Busia County,FAW
0.799015,34.718995,2021-05-13,Bungoma County,FAW
0.4488162,34.8515518,2018-04-17,Kakamega County,FAW
-1.5290018,37.2628393,2019-06-12,Machakos County,FAW
0.539579,34.276235,2021-01-27,Busia County,FAW
-0.2852391,36.0696756,2019-02-12,Nakuru,FAW
0.632709,34.26977,2019-05-21,Busia County,FAW
-0.4565798,37.0063129,2018-04-26,Nyeri,FAW
0.536886,34.260394,2019-08-16,Busia County,FAW
-0.2847895,36.0701438,2019-02-12,Nakuru,FAW
-0.2852391,36.0696756,2019-02-12,Nakuru,FAW
0.536165,34.25831,2019-09-03,Busia County,FAW
0.545441,34.263172,2019-09-12,Busia County,FAW
0.7836838,34.8084243,2018-09-12,Bungoma County,FAW
0.551153,34.261497,2019-08-26,Busia County,FAW
0.465352,34.101548,2019-06-08,Busia County,FAW
0.544665,34.262594,2019-08-27,Busia County,FAW
0.52005,34.257554,2021-07-01,Busia County,FAW
-0.7831478,35.4658407,2018-09-14,Bomet,FAW
0.636933,34.316923,2019-11-11,Busia County,FAW
0.499269,34.288866,2019-09-23,Busia County,FAW
-3.201484,39.926188,2021-03-08,Kilifi County,FAW
0.558815,34.2702217,2019-09-11,Busia County,FAW
0.633435,34.637977,2021-04-21,Bungoma County,FAW
0.574314,34.289015,2019-12-06,Busia County,FAW
0.499269,34.288866,2019-09-19,Busia County,FAW
0.745137,34.746165,2021-05-06,Bungoma County,FAW
0.499269,34.288866,2019-09-18,Busia County,FAW
0.536165,34.25831,2019-08-29,Busia County,FAW
0.551105,34.261607,2019-08-29,Busia County,FAW
-0.286441,36.070196,2019-12-16,Nakuru,FAW
0.499269,34.288866,2019-10-02,Busia County,FAW
0.797028,34.721413,2021-06-07,Bungoma County,FAW
-1.2646249,36.7390169,2019-01-30,Nairobi County,FAW
0.583829,34.26234,2019-05-24,Busia County,FAW
0.464761,34.102925,2019-08-14,Busia County,FAW
-3.423791,39.900172,2021-05-19,Kilifi County,FAW
0.551277,34.262762,2019-05-27,Busia County,FAW
0.511629,34.146414,2019-09-24,Busia County,FAW
0.462374,34.108853,2019-05-20,Busia County,FAW
-1.2623592,36.8013114,2019-03-14,Nairobi County,FAW
0.645349,34.28713,2019-05-28,Busia County,FAW
0.504638,34.138156,2019-10-02,Busia County,FAW
0.381902,34.228482,2021-12-15,Busia County,FAW
0.614951,34.2855,2019-11-11,Busia County,FAW
0.632709,34.26977,2019-05-21,Busia County,FAW
0.544665,34.262594,2019-08-27,Busia County,FAW
0.592728,34.577237,2021-05-13,Bungoma County,FAW
0.627649,34.322534,2019-05-29,Busia County,FAW
-0.794911,35.4119548,2018-08-17,Bomet,FAW
-1.1703427,36.8581619,2019-07-11,Kiambu,FAW
0.4831488,37.6090933,2019-04-24,Meru County,FAW
0.684313,34.308392,2021-05-14,Busia County,FAW
0.4708033,35.9860467,2019-02-15,Baringo,FAW
0.592266,34.573431,2021-06-16,Bungoma County,FAW
0.697594,34.346156,2020-04-22,Busia County,FAW
0.544665,34.262594,2019-09-02,Busia County,FAW
-3.214996,40.093899,2020-07-14,Kilifi County,FAW
0.536154,34.260046,2021-01-27,Busia County,FAW
-3.894417,39.764774,2021-07-15,Kilifi County,FAW
0.499269,34.288866,2019-10-10,Busia County,FAW
0.576037,34.576083,2021-05-04,Bungoma County,FAW
0.504638,34.138156,2019-10-08,Busia County,FAW
-0.2852298,36.0696643,2019-02-14,Nakuru,FAW
0.632709,34.26977,2019-05-21,Busia County,FAW
0.536165,34.25831,2019-09-09,Busia County,FAW
0.7,35.7,2018-07-03,Baringo,FAW
0.545441,34.263172,2019-09-11,Busia County,FAW
0.455764,34.245112,2019-05-16,Busia County,FAW
0.551105,34.261607,2019-08-28,Busia County,FAW
-0.08750075,34.78389669,2019-02-25,Kisumu County,FAW
-0.753287,35.447206,2018-08-10,Bomet,FAW
0.551105,34.261607,2019-08-28,Busia County,FAW
0.545441,34.263172,2019-09-11,Busia County,FAW
0.449948,34.215475,2021-04-20,Busia County,FAW
-3.270422,40.032677,2021-07-02,Kilifi County,FAW
0.592493,34.575853,2021-05-05,Bungoma County,FAW
-3.220196,39.993906,2021-05-18,Kilifi County,FAW
0.18357708,34.3011872,2019-07-10,Siaya County,FAW
0.791689,35.470147,2018-11-09,Uasin Gishu County,FAW
-3.914397,39.735465,2021-07-15,Kilifi County,FAW
0.583829,34.26234,2019-05-24,Busia County,FAW
0.499269,34.288866,2019-09-13,Busia County,FAW
0.544665,34.262594,2019-09-03,Busia County,FAW
0.499269,34.288866,2019-10-08,Busia County,FAW
0.624164,34.623939,2021-04-21,Bungoma County,FAW
0.537351,34.233165,2019-05-17,Busia County,FAW
0.536165,34.25831,2019-09-10,Busia County,FAW
-1.210481,36.8510154,2019-03-20,Nairobi County,FAW
-3.931055,39.725157,2021-05-13,Kilifi County,FAW
0.544665,34.262594,2019-08-16,Busia County,FAW
0.536165,34.25831,2019-08-28,Busia County,FAW
-1.269808,36.811119,2019-09-05,Nairobi County,FAW
0.551277,34.262762,2019-05-27,Busia County,FAW
0.544665,34.262594,2019-09-10,Busia County,FAW
0.547419,34.559242,2021-05-31,Bungoma County,FAW
0.398901,34.292684,2021-10-19,Busia County,FAW
1.0954153,34.7854587,2018-07-06,Trans-Nzoia County,FAW
0.499269,34.288866,2019-09-17,Busia County,FAW
-1.2105759,36.8514779,2019-03-20,Nairobi County,FAW
-0.4624579,37.0106757,2018-04-26,Nyeri,FAW
0.619419,34.340578,2019-09-26,Busia County,FAW
-3.423543,39.900172,2021-06-09,Kilifi County,FAW
0.581543,34.604224,2021-05-05,Bungoma County,FAW
-0.7756312,35.4639485,2018-08-10,Bomet,FAW
0.544665,34.262594,2019-08-16,Busia County,FAW
0.634052,34.28713,2019-05-29,Busia County,FAW
-3.201037,39.925225,2021-02-09,Kilifi County,FAW
0.496708,34.204908,2019-10-16,Busia County,FAW
-1.1703427,36.8581619,2019-07-11,Kiambu,FAW
0.614218,34.712431,2021-05-24,Bungoma County,FAW
-3.242843,40.003849,2021-06-22,Kilifi County,FAW
0.464761,34.102925,2019-08-21,Busia County,FAW
0.504638,34.138156,2019-10-07,Busia County,FAW
0.499269,34.288866,2019-09-26,Busia County,FAW
0.499269,34.288866,2019-09-25,Busia County,FAW
-3.915849,39.736432,2021-07-29,Kilifi County,FAW
0.499269,34.288866,2019-10-04,Busia County,FAW
0.697794,34.350563,2019-08-29,Busia County,FAW
-3.279695,40.041039,2021-05-23,Kilifi County,FAW
0.536165,34.25831,2019-09-03,Busia County,FAW
0.602632,34.36764,2019-05-25,Busia County,FAW
-3.422112,39.903822,2021-05-12,Kilifi County,FAW
0.9961338,35.0604139,2018-07-02,Trans-Nzoia County,FAW
-1.2619494,36.8012123,2019-03-14,Nairobi County,FAW
0.9109596,34.9367078,2018-06-23,Trans-Nzoia County,FAW
0.602632,34.36764,2019-05-25,Busia County,FAW
0.504638,34.138156,2019-09-24,Busia County,FAW
0.608626,34.542627,2021-10-18,Bungoma County,FAW
0.504638,34.138156,2019-09-16,Busia County,FAW
-3.581976,39.867073,2021-05-24,Kilifi County,FAW
0.544665,34.262594,2019-09-10,Busia County,FAW
0.536165,34.25831,2019-09-10,Busia County,FAW
0.535763,34.224197,2019-08-15,Busia County,FAW
0.695431,34.383592,2019-08-22,Busia County,FAW
0.56599,34.297139,2019-05-14,Busia County,FAW
0.499269,34.288866,2019-10-01,Busia County,FAW
-0.285823,36.070347,2019-12-17,Nakuru,FAW
0.56175,34.279145,2020-11-05,Busia County,FAW
0.558815,34.2702217,2019-09-11,Busia County,FAW
0.565191,34.386713,2021-05-18,Bungoma County,FAW
0.544665,34.262594,2019-08-23,Busia County,FAW
0.9087637,34.9353294,2018-07-07,Trans-Nzoia County,FAW
0.6332,34.26977,2019-08-20,Busia County,FAW
-3.274112,40.044564,2021-05-13,Kilifi County,FAW
0.536165,34.25831,2019-08-30,Busia County,FAW
-3.893837,39.764615,2021-07-29,Kilifi County,FAW
0.559707,34.285352,2019-05-22,Busia County,FAW
0.645349,34.28713,2019-05-28,Busia County,FAW
-3.893795,39.764477,2021-08-05,Kilifi County,FAW
0.544665,34.262594,2019-08-23,Busia County,FAW
0.499269,34.288866,2019-09-17,Busia County,FAW
0.525567,34.233878,2020-11-04,Busia County,FAW
0.586881,34.330863,2019-05-22,Busia County,FAW
-0.2852298,36.0696643,2019-02-14,Nakuru,FAW
0.695431,34.383592,2019-08-23,Busia County,FAW
-1.5681674,37.0770898,2019-04-03,Machakos County,FAW
0.40909,34.135805,2021-05-25,Busia County,FAW
0.554232,34.175725,2021-07-06,Busia County,FAW
-0.285589,36.066156,2019-12-17,Nakuru,FAW
-0.7584509,35.4451681,2018-09-07,Bomet,FAW
0.499269,34.288866,2019-10-01,Busia County,FAW
-1.1703427,36.8581619,2019-07-11,Kiambu,FAW
0.545441,34.263172,2019-09-12,Busia County,FAW
0.582841,34.20655,2020-07-14,Busia County,FAW
0.511629,34.146414,2019-09-16,Busia County,FAW
0.464761,34.102925,2019-09-04,Busia County,FAW
0.504638,34.138156,2019-09-20,Busia County,FAW
-1.26191102,36.80127127,2019-03-13,Nairobi County,FAW
0.7948652,35.4120133,2018-07-04,Uasin Gishu County,FAW
0.306227,34.205855,2021-05-11,Busia County,FAW
0.464761,34.102925,2019-08-21,Busia County,FAW
0.485017,34.216626,2020-11-04,Busia County,FAW
-0.7948522,35.4119454,2018-08-24,Bomet,FAW
0.544665,34.262594,2019-09-04,Busia County,FAW
0.499269,34.288866,2019-09-18,Busia County,FAW
0.551105,34.261607,2019-08-29,Busia County,FAW
0.8947141,34.9738839,2018-07-16,Trans-Nzoia County,FAW
0.462374,34.108853,2019-05-20,Busia County,FAW
0.634455,34.33121,2020-04-28,Busia County,FAW
0.634052,34.28713,2019-05-29,Busia County,FAW
0.551105,34.261607,2019-09-02,Busia County,FAW
0.536051,34.232722,2019-05-17,Busia County,FAW
0.536165,34.25831,2019-09-10,Busia County,FAW
0.355039,34.154625,2020-05-05,Busia County,FAW
0.464761,34.102925,2019-09-04,Busia County,FAW
0.464761,34.102925,2019-08-22,Busia County,FAW
0.544665,34.262594,2019-08-30,Busia County,FAW
0.536165,34.25831,2019-08-28,Busia County,FAW
0.530337,34.540056,2021-06-06,Bungoma County,FAW
0.545441,34.263172,2019-09-11,Busia County,FAW
-0.28545,36.070053,2019-12-15,Nakuru,FAW
0.340805,34.187768,2020-05-12,Busia County,FAW
0.499269,34.288866,2019-10-08,Busia County,FAW
0.554621,34.404586,2021-02-24,Bungoma County,FAW
0.614668,34.544345,2021-10-18,Bungoma County,FAW
0.544665,34.262594,2019-08-27,Busia County,FAW
0.504638,34.138156,2019-09-18,Busia County,FAW
0.464798,34.102901,2019-08-15,Busia County,FAW
0.465596,34.234691,2021-01-11,Busia County,FAW
1.0920987,34.8107802,2018-06-29,Trans-Nzoia County,FAW
0.31854,34.22245,2021-10-19,Busia County,FAW
-0.0861933,37.662485,2019-04-10,Meru County,FAW
-3.422178,39.903955,2021-07-15,Kilifi County,FAW
-0.2852298,36.0696643,2019-02-14,Nakuru,FAW
0.1491604,36.2727669,2018-06-18,Nakuru,FAW
0.520378,34.25719,2021-07-08,Busia County,FAW
-1.56827,37.0769183,2019-04-03,Machakos County,FAW
0.443195,34.233054,2020-07-16,Busia County,FAW
-1.5290018,37.2628393,2019-06-12,Machakos County,FAW
0.499269,34.288866,2019-09-25,Busia County,FAW
-0.4436397,36.9797399,2018-04-23,Nyeri,FAW
0.5211,34.279145,2021-05-05,Busia County,FAW
0.537351,34.233165,2019-05-17,Busia County,FAW
0.499269,34.288866,2019-10-14,Busia County,FAW
0.499269,34.288866,2019-10-09,Busia County,FAW
0.583829,34.26234,2019-05-24,Busia County,FAW
0.403789,34.188478,2019-05-27,Busia County,FAW
0.583829,34.26234,2019-05-24,Busia County,FAW
-0.4563638,37.0029567,2018-04-26,Nyeri,FAW
-1.210481,36.8510154,2019-03-20,Nairobi County,FAW
0.619419,34.340578,2019-10-09,Busia County,FAW
0.545441,34.263172,2019-09-11,Busia County,FAW
0.464761,34.102925,2019-09-06,Busia County,FAW
-3.214996,40.093899,2020-07-14,Kilifi County,FAW
0.544665,34.262594,2019-08-21,Busia County,FAW
0.791399,34.719686,2021-06-24,Bungoma County,FAW
-0.4565798,37.0063129,2018-04-26,Nyeri,FAW
0.583829,34.26234,2019-05-24,Busia County,FAW
0.499269,34.288866,2019-10-02,Busia County,FAW
0.536165,34.25831,2019-08-29,Busia County,FAW
0.464761,34.102925,2019-08-14,Busia County,FAW
0.596683,34.575161,2021-06-03,Bungoma County,FAW
-3.895795,39.771533,2021-06-03,Kilifi County,FAW
-0.4596055,37.0136959,2018-04-26,Nyeri,FAW
0.544665,34.262594,2019-08-21,Busia County,FAW
0.27669,34.130506,2021-05-17,Busia County,FAW
0.8774009,34.8586339,2018-06-26,Trans-Nzoia County,FAW
0.499269,34.288866,2019-09-13,Busia County,FAW
-3.279695,40.041039,2021-06-11,Kilifi County,FAW
0.539344,34.259004,2019-05-15,Busia County,FAW
1.0909345,34.8052543,2018-06-29,Trans-Nzoia County,FAW
0.499269,34.288866,2019-09-19,Busia County,FAW
0.551105,34.261607,2019-08-20,Busia County,FAW
0.359733,34.256555,2020-05-06,Busia County,FAW
-3.226018,40.011224,2021-05-31,Kilifi County,FAW
-0.2852391,36.0696756,2019-02-12,Nakuru,FAW
0.602632,34.36764,2019-05-25,Busia County,FAW
-1.210481,36.8510154,2019-03-20,Nairobi County,FAW
0.8755117,34.8987946,2018-07-09,Trans-Nzoia County,FAW
0.499269,34.288866,2019-09-24,Busia County,FAW
0.555308,34.40093,2021-02-24,Bungoma County,FAW
0.499269,34.288866,2019-09-17,Busia County,FAW
0.576396,34.394688,2021-02-26,Bungoma County,FAW
0.535763,34.224197,2019-08-16,Busia County,FAW
-3.234411,40.015714,2021-05-13,Kilifi County,FAW
-0.7950348,35.4120287,2018-07-24,Bomet,FAW
-0.4584388,37.0113469,2018-04-25,Nyeri,FAW
0.613655,34.373016,2020-06-28,Busia County,FAW
-0.2852298,36.0696643,2019-02-14,Nakuru,FAW
0.40799,34.127288,2021-06-02,Busia County,FAW
0.5989552,34.6210103,2019-03-26,Bungoma County,FAW
-0.781118,35.455101,2018-08-03,Bomet,FAW
0.634527,34.281269,2019-05-14,Busia County,FAW
-3.28971,39.785375,2021-05-17,Kilifi County,FAW
0.567394,34.560638,2018-06-13,Bungoma County,FAW
0.561645,34.184655,2021-07-06,Busia County,FAW
0.499269,34.288866,2019-09-17,Busia County,FAW
0.800423,34.729517,2021-05-27,Bungoma County,FAW
0.504638,34.138156,2019-09-20,Busia County,FAW
-0.2852391,36.0696756,2019-02-12,Nakuru,FAW
-3.221059,39.996472,2021-05-25,Kilifi County,FAW
0.544665,34.262594,2019-08-22,Busia County,FAW
0.524793,34.275672,2021-06-24,Busia County,FAW
1.117226,34.8072442,2018-07-06,Trans-Nzoia County,FAW
0.545441,34.263172,2019-09-12,Busia County,FAW
0.499269,34.288866,2019-09-26,Busia County,FAW
0.709391,34.381132,2019-08-26,Busia County,FAW
-3.220432,39.999359,2021-05-24,Kilifi County,FAW
0.544665,34.262594,2019-08-27,Busia County,FAW
0.464761,34.102925,2019-08-07,Busia County,FAW
-0.3017648,36.0741751,2019-02-12,Nakuru,FAW
-0.285399,36.070975,2019-12-17,Nakuru,FAW
0.544665,34.262594,2019-08-27,Busia County,FAW
-0.086994,37.6630762,2019-04-09,Meru County,FAW
1.0992215,34.8439524,2018-07-05,Trans-Nzoia County,FAW
-3.416399,39.909487,2021-05-06,Kilifi County,FAW
-3.221715,40.008659,2021-05-31,Kilifi County,FAW
-3.279695,40.041039,2021-06-27,Kilifi County,FAW
0.462374,34.108853,2019-05-20,Busia County,FAW
0.634052,34.28713,2019-05-29,Busia County,FAW
0.521994,34.253448,2021-07-01,Busia County,FAW
-3.893383,39.764192,2021-05-27,Kilifi County,FAW
0.545441,34.263172,2019-09-11,Busia County,FAW
0.519986,34.257475,2021-05-27,Busia County,FAW
0.536165,34.25831,2019-09-02,Busia County,FAW
0.695431,34.383592,2019-08-21,Busia County,FAW
-0.2852391,36.0696756,2019-02-12,Nakuru,FAW
-0.8754993,35.2838259,2018-12-14,Bomet,FAW
-1.2619004,36.8013592,2019-03-14,Nairobi County,FAW
0.535332,34.25944,2021-06-04,Busia County,FAW
0.46085,34.105709,2021-01-06,Busia County,FAW
-1.210481,36.8510154,2019-03-20,Nairobi County,FAW
-0.77566,35.463812,2018-09-28,Bomet,FAW
0.551105,34.261607,2019-08-27,Busia County,FAW
-3.22193,40.0093,2021-05-31,Kilifi County,FAW
-0.7756605,35.4637687,2018-11-16,Bomet,FAW
0.536165,34.25831,2019-09-02,Busia County,FAW
0.5961259,34.6146009,2018-06-20,Bungoma County,FAW
-0.08750075,34.78389669,2019-02-25,Kisumu County,FAW
0.376299,35.332891,2022-01-10,Uasin Gishu County,FAW
-3.247408,40.024738,2021-06-22,Kilifi County,FAW
0.524397,34.260741,2019-08-27,Busia County,FAW
0.460831,34.105694,2021-01-06,Busia County,FAW
0.544665,34.262594,2019-08-22,Busia County,FAW
-3.910542,39.737555,2021-08-12,Kilifi County,FAW
0.551105,34.261607,2019-08-28,Busia County,FAW
0.634052,34.28713,2019-05-29,Busia County,FAW
0.499269,34.288866,2019-09-24,Busia County,FAW
0.544665,34.262594,2019-08-29,Busia County,FAW
0.536886,34.260394,2019-08-15,Busia County,FAW
0.551105,34.261607,2019-09-06,Busia County,FAW
0.499269,34.288866,2019-09-17,Busia County,FAW
-3.332472,40.005925,2021-05-20,Kilifi County,FAW
-0.285782,36.0708,2019-12-17,Nakuru,FAW
1.0922414,34.8105886,2018-07-06,Trans-Nzoia County,FAW
0.499269,34.288866,2019-10-02,Busia County,FAW
0.27604,34.130295,2021-05-10,Busia County,FAW
0.537351,34.233165,2019-05-17,Busia County,FAW
-3.221475,39.998076,2021-05-24,Kilifi County,FAW
0.464761,34.102925,2019-08-21,Busia County,FAW
0.627649,34.322534,2019-05-29,Busia County,FAW
0.551105,34.261607,2019-08-29,Busia County,FAW
-1.5683764,37.078103,2019-04-03,Machakos County,FAW
0.464113,34.104331,2019-08-07,Busia County,FAW
0.536165,34.25831,2019-08-22,Busia County,FAW
-3.588205,39.852074,2021-05-31,Kilifi County,FAW
0.524397,34.260741,2019-09-03,Busia County,FAW
0.59731258,34.619443,2019-03-26,Bungoma County,FAW
-1.5683498,37.0774412,2019-04-03,Machakos County,FAW
0.588329,34.577237,2021-05-28,Bungoma County,FAW
0.619419,34.340578,2019-10-13,Busia County,FAW
0.460839,34.105701,2021-01-06,Busia County,FAW
-0.287168,36.074541,2019-12-17,Nakuru,FAW
0.510477,34.456389,2021-05-03,Bungoma County,FAW
-0.0869941,37.6630762,2019-04-09,Meru County,FAW
0.499269,34.288866,2019-10-08,Busia County,FAW
-1.5681674,37.0770898,2019-04-03,Machakos County,FAW
0.537351,34.233165,2019-05-17,Busia County,FAW
0.544665,34.262594,2019-08-20,Busia County,FAW
-0.8880604,35.4005151,2018-07-24,Bomet,FAW
0.462374,34.108853,2019-05-20,Busia County,FAW
-0.0869941,37.6630762,2019-04-09,Meru County,FAW
0.51995,34.257469,2021-05-05,Busia County,FAW
-0.7757179,35.4640323,2018-11-09,Bomet,FAW
0.409603,34.147458,2019-09-13,Busia County,FAW
0.536165,34.25831,2019-08-28,Busia County,FAW
-0.7980823,35.4632991,2018-09-07,Bomet,FAW
-1.210481,36.8510154,2019-03-20,Nairobi County,FAW
-0.7756302,35.4638792,2018-08-24,Bomet,FAW
0.551277,34.262762,2019-05-27,Busia County,FAW
0.544665,34.262594,2019-09-10,Busia County,FAW
0.629064,34.330169,2019-05-28,Busia County,FAW
0.504638,34.138156,2019-10-14,Busia County,FAW
-0.7921958,35.4680927,2018-08-17,Bomet,FAW
0.464761,34.102925,2019-09-10,Busia County,FAW
0.499269,34.288866,2019-09-25,Busia County,FAW
-0.285589,36.066156,2019-12-17,Nakuru,FAW
0.499269,34.288866,2019-09-27,Busia County,FAW
-3.581976,39.867073,2021-05-10,Kilifi County,FAW
0.504638,34.138156,2019-09-13,Busia County,FAW
0.536165,34.25831,2019-08-20,Busia County,FAW
0.597731,34.626312,2021-04-27,Bungoma County,FAW
-3.915597,39.736432,2021-07-22,Kilifi County,FAW
0.800875,34.729704,2021-05-13,Bungoma County,FAW
0.551105,34.261607,2019-08-30,Busia County,FAW
0.536165,34.25831,2019-08-07,Busia County,FAW
-0.775709,35.4638408,2018-08-03,Bomet,FAW
0.524397,34.260741,2019-08-20,Busia County,FAW
0.544665,34.262594,2019-08-27,Busia County,FAW
0.504638,34.138156,2019-09-20,Busia County,FAW
0.615966,34.707248,2021-05-24,Bungoma County,FAW
-0.08743969,34.78382416,2019-02-15,Kisumu County,FAW
-3.270553,40.032482,2021-06-18,Kilifi County,FAW
0.213035,34.350195,2019-07-10,Siaya County,FAW
0.536165,34.25831,2019-09-09,Busia County,FAW
0.563468,34.3881,2021-06-02,Bungoma County,FAW
-0.285558,36.070107,2019-12-17,Nakuru,FAW
-0.0869941,37.6630762,2019-04-09,Meru County,FAW
0.464761,34.102925,2019-09-06,Busia County,FAW
0.565033,34.386027,2021-05-11,Bungoma County,FAW
0.329635,34.195777,2021-05-11,Busia County,FAW
-3.234165,40.015714,2021-05-19,Kilifi County,FAW
-0.2852391,36.0696756,2019-02-12,Nakuru,FAW
0.608624,34.542974,2021-04-19,Bungoma County,FAW
0.544665,34.262594,2019-08-29,Busia County,FAW
0.544665,34.262594,2019-09-10,Busia County,FAW
0.1447547,36.2740664,2018-08-16,Nakuru,FAW
0.555308,34.40093,2021-02-24,Bungoma County,FAW
0.536165,34.25831,2019-08-28,Busia County,FAW
0.547449,34.260244,2021-05-29,Busia County,FAW
0.565305,34.279623,2019-05-22,Busia County,FAW
0.549062,34.271039,2021-01-18,Busia County,FAW
0.464761,34.102925,2019-09-10,Busia County,FAW
0.338335,34.186788,2021-05-21,Busia County,FAW
0.499269,34.288866,2019-09-13,Busia County,FAW
-0.285445,36.0702,2019-12-17,Nakuru,FAW
0.464761,34.102925,2019-08-20,Busia County,FAW
0.536165,34.25831,2019-08-07,Busia County,FAW
0.499269,34.288866,2019-09-25,Busia County,FAW
0.645349,34.28713,2019-05-28,Busia County,FAW
0.583829,34.26234,2019-05-24,Busia County,FAW
0.551105,34.261607,2019-09-03,Busia County,FAW
0.551105,34.261607,2019-09-02,Busia County,FAW
0.520302,34.257006,2021-06-24,Busia County,FAW
-0.2852391,36.0696756,2019-02-12,Nakuru,FAW
0.551105,34.261607,2019-08-14,Busia County,FAW
0.752063,34.404323,2019-05-31,Busia County,FAW
0.524397,34.260741,2019-08-20,Busia County,FAW
0.499269,34.288866,2019-09-18,Busia County,FAW
0.499269,34.288866,2019-09-25,Busia County,FAW
0.394288,34.121298,2019-11-13,Busia County,FAW
0.551105,34.261607,2019-09-02,Busia County,FAW
0.499269,34.288866,2019-09-18,Busia County,FAW
0.548258,34.260919,2021-05-12,Busia County,FAW
-3.896584,39.770889,2021-05-07,Kilifi County,FAW
0.1490472,36.2725235,2018-07-07,Nakuru,FAW
0.319408,34.195777,2020-10-21,Busia County,FAW
1.0817065,34.8228025,2018-06-29,Trans-Nzoia County,FAW
0.499269,34.288866,2019-09-18,Busia County,FAW
-0.9460694,35.4083459,2018-08-11,Bomet,FAW
0.9141218,34.9359502,2018-07-14,Trans-Nzoia County,FAW
-3.224335,40.0,2021-05-18,Kilifi County,FAW
-0.7757434,35.4638253,2019-02-01,Bomet,FAW
1.0909621,34.8052908,2018-07-06,Trans-Nzoia County,FAW
0.499269,34.288866,2019-10-03,Busia County,FAW
0.519893,34.257551,2021-06-24,Busia County,FAW
0.536165,34.25831,2019-09-02,Busia County,FAW
0.380755,35.338224,2021-11-18,Uasin Gishu County,FAW
0.619419,34.340578,2019-10-14,Busia County,FAW
0.619419,34.340578,2019-10-01,Busia County,FAW
0.634052,34.28713,2019-05-29,Busia County,FAW
0.549366,34.261759,2019-05-15,Busia County,FAW
0.499269,34.288866,2019-10-10,Busia County,FAW
-0.0869941,37.6630762,2019-04-09,Meru County,FAW
-0.285393,36.069621,2019-12-17,Nakuru,FAW
-3.234242,40.015619,2021-05-19,Kilifi County,FAW
-0.2852391,36.0696756,2019-02-12,Nakuru,FAW
0.709391,34.381132,2019-08-26,Busia County,FAW
0.504638,34.138156,2019-10-02,Busia County,FAW
-1.50781,37.0999733,2019-04-03,Machakos County,FAW
0.460821,34.105682,2021-01-06,Busia County,FAW
0.1835069,34.3011675,2019-07-10,Siaya County,FAW
0.551105,34.261607,2019-09-02,Busia County,FAW
0.615637,34.54433,2021-04-19,Bungoma County,FAW
0.59403,34.569693,2021-10-13,Bungoma County,FAW
0.619419,34.340578,2019-09-27,Busia County,FAW
0.551105,34.261607,2019-08-29,Busia County,FAW
0.541221,34.260381,2019-08-07,Busia County,FAW
0.544665,34.262594,2019-08-21,Busia County,FAW
0.536165,34.25831,2019-09-09,Busia County,FAW
0.619419,34.340578,2019-09-26,Busia County,FAW
0.48964,34.152546,2021-05-18,Busia County,FAW
0.536165,34.25831,2019-08-21,Busia County,FAW
0.9864207,35.0650401,2018-07-07,Trans-Nzoia County,FAW
0.597631,34.574207,2021-05-24,Bungoma County,FAW
-3.335003,40.007697,2021-05-25,Kilifi County,FAW
0.611569,34.713514,2021-04-21,Bungoma County,FAW
0.616716,34.672159,2021-05-24,Bungoma County,FAW
0.556597,34.180103,2021-07-06,Busia County,FAW
0.208277,34.122071,2019-09-27,Siaya County,FAW
0.499269,34.288866,2019-09-26,Busia County,FAW
0.629064,34.330169,2019-05-28,Busia County,FAW
0.509886,34.155476,2019-11-09,Busia County,FAW
0.499269,34.288866,2019-09-19,Busia County,FAW
0.527997,34.2722,2021-06-03,Busia County,FAW
0.524397,34.260741,2019-08-22,Busia County,FAW
0.499269,34.288866,2019-09-25,Busia County,FAW
0.524397,34.260741,2019-08-30,Busia County,FAW
-1.5290018,37.2628393,2019-06-12,Machakos County,FAW
0.544665,34.262594,2019-08-30,Busia County,FAW
0.619419,34.340578,2019-09-26,Busia County,FAW
0.627649,34.322534,2019-05-29,Busia County,FAW
0.354848,34.195582,2021-11-09,Busia County,FAW
0.524397,34.260741,2019-09-26,Busia County,FAW
0.536165,34.25831,2019-09-10,Busia County,FAW
0.619419,34.340578,2019-09-26,Busia County,FAW
0.594028,34.569689,2021-10-13,Bungoma County,FAW
0.632709,34.26977,2019-05-21,Busia County,FAW
0.695431,34.383592,2019-08-21,Busia County,FAW
0.452256,34.352027,2019-05-16,Busia County,FAW
0.535909,34.260046,2021-05-19,Busia County,FAW
0.52042,34.256888,2021-06-17,Busia County,FAW
0.412778,34.147458,2020-06-25,Busia County,FAW
0.464761,34.102925,2019-08-22,Busia County,FAW
0.536886,34.260394,2019-08-15,Busia County,FAW
0.627649,34.322534,2019-05-29,Busia County,FAW
0.499269,34.288866,2019-09-26,Busia County,FAW
0.1490326,36.2724164,2018-06-28,Nakuru,FAW
0.544665,34.262594,2019-08-22,Busia County,FAW
0.535763,34.224197,2019-09-30,Busia County,FAW
0.583829,34.26234,2019-05-24,Busia County,FAW
0.499269,34.288866,2019-10-09,Busia County,FAW
0.544665,34.262594,2019-08-19,Busia County,FAW
0.357336,34.155455,2021-10-21,Busia County,FAW
-0.08750075,34.78389669,2019-02-25,Kisumu County,FAW
0.275665,34.131035,2021-06-02,Busia County,FAW
0.545441,34.263172,2019-09-11,Busia County,FAW
0.558815,34.2702217,2019-09-11,Busia County,FAW
0.462374,34.108853,2019-05-20,Busia County,FAW
0.561815,34.269422,2019-05-27,Busia County,FAW
-3.423791,39.900172,2021-05-19,Kilifi County,FAW
0.9961338,35.0604139,2018-07-02,Trans-Nzoia County,FAW
0.533744,34.526488,2021-05-14,Bungoma County,FAW
0.499269,34.288866,2019-10-02,Busia County,FAW
0.544856,34.262669,2019-08-07,Busia County,FAW
0.450892,34.150935,2021-01-20,Busia County,FAW
0.536051,34.232722,2019-05-17,Busia County,FAW
-0.285977,36.070484,2019-12-17,Nakuru,FAW
0.632241,34.331904,2021-05-26,Busia County,FAW
-1.5290018,37.2628393,2019-06-12,Machakos County,FAW
0.549842,34.260281,2021-06-12,Busia County,FAW
-0.7756681,35.4641088,2019-01-11,Bomet,FAW
0.499269,34.288866,2019-10-08,Busia County,FAW
0.61637,34.544977,2021-04-19,Bungoma County,FAW
0.499269,34.288866,2019-09-18,Busia County,FAW
-0.7830053,35.4655998,2018-10-05,Bomet,FAW
0.59403,34.569689,2021-10-13,Bungoma County,FAW
0.504638,34.138156,2019-09-20,Busia County,FAW
0.499269,34.288866,2019-10-03,Busia County,FAW
-1.5682105,37.0770931,2019-04-03,Machakos County,FAW
0.499269,34.288866,2019-09-25,Busia County,FAW
0.607419,34.372147,2019-08-14,Busia County,FAW
0.583829,34.26234,2019-05-24,Busia County,FAW
0.632709,34.26977,2019-05-21,Busia County,FAW
0.602632,34.36764,2019-05-25,Busia County,FAW
0.464761,34.102925,2019-08-20,Busia County,FAW
-3.219308,39.997113,2021-05-04,Kilifi County,FAW
0.499269,34.288866,2019-10-01,Busia County,FAW
0.632241,34.331904,2021-05-05,Busia County,FAW
0.600131,34.567548,2021-05-05,Bungoma County,FAW
0.554356,34.179194,2021-07-06,Busia County,FAW
-3.257816,40.045846,2021-05-03,Kilifi County,FAW
0.435777,34.207305,2021-06-21,Busia County,FAW
0.565305,34.279623,2019-05-22,Busia County,FAW
-0.2852391,36.0696756,2019-02-12,Nakuru,FAW
-3.216429,39.990378,2021-05-25,Kilifi County,FAW
0.551277,34.262762,2019-05-27,Busia County,FAW
-1.5289981,37.2628412,2019-06-11,Machakos County,FAW
-3.220196,39.993906,2021-05-18,Kilifi County,FAW
0.799423,34.727631,2021-05-27,Bungoma County,FAW
-0.285035,36.068105,2019-12-17,Nakuru,FAW
0.536165,34.25831,2019-08-30,Busia County,FAW
0.551105,34.261607,2019-08-28,Busia County,FAW
0.504638,34.138156,2019-09-25,Busia County,FAW
0.551105,34.261607,2019-08-28,Busia County,FAW
-0.4566275,37.0088383,2018-04-26,Nyeri,FAW
1.1295951,34.8284382,2018-07-20,Trans-Nzoia County,FAW
0.501564,34.133764,2019-11-09,Busia County,FAW
-1.5212884,37.2656099,2019-06-11,Machakos County,FAW
1.0954116,34.7853719,2018-07-13,Trans-Nzoia County,FAW
0.797731,34.724868,2021-05-20,Bungoma County,FAW
0.536165,34.25831,2019-09-03,Busia County,FAW
0.619419,34.340578,2019-09-25,Busia County,FAW
0.499269,34.288866,2019-10-01,Busia County,FAW
0.499269,34.288866,2019-09-26,Busia County,FAW
0.544665,34.262594,2019-08-27,Busia County,FAW
0.457025,34.243167,2019-08-13,Busia County,FAW
0.627649,34.322534,2019-05-29,Busia County,FAW
-3.423791,39.900172,2021-05-12,Kilifi County,FAW
-3.424813,39.899529,2021-05-26,Kilifi County,FAW
0.558406,34.376655,2021-05-11,Bungoma County,FAW
-3.581976,39.867073,2021-05-24,Kilifi County,FAW
0.499269,34.288866,2019-09-23,Busia County,FAW
0.536165,34.25831,2019-08-20,Busia County,FAW
0.544665,34.262594,2019-09-10,Busia County,FAW
0.563718,34.529088,2021-04-28,Bungoma County,FAW
0.464761,34.102925,2019-08-22,Busia County,FAW
-3.422067,39.903781,2021-07-29,Kilifi County,FAW
0.551105,34.261607,2019-08-28,Busia County,FAW
0.499269,34.288866,2019-09-23,Busia County,FAW
0.551105,34.261607,2019-09-02,Busia County,FAW
0.616292,34.562622,2021-04-12,Bungoma County,FAW
0.800755,34.729488,2021-05-06,Bungoma County,FAW
0.538171,34.555089,2021-05-31,Bungoma County,FAW
-3.22603,40.005773,2021-05-13,Kilifi County,FAW
0.536165,34.25831,2019-09-09,Busia County,FAW
-3.906334,39.72709,2021-03-03,Kilifi County,FAW
0.499269,34.288866,2019-10-08,Busia County,FAW
0.8935538,34.9728588,2018-06-18,Trans-Nzoia County,FAW
-3.233668,40.016325,2021-05-19,Kilifi County,FAW
0.464775,34.102931,2019-08-07,Busia County,FAW
0.499269,34.288866,2019-10-01,Busia County,FAW
0.536165,34.25831,2019-08-16,Busia County,FAW
0.464798,34.102901,2019-08-13,Busia County,FAW
0.565143,34.386137,2021-06-08,Bungoma County,FAW
0.8755117,34.8987946,2018-07-06,Trans-Nzoia County,FAW
-1.5290061,37.2628432,2019-06-11,Machakos County,FAW
0.559707,34.285352,2019-05-22,Busia County,FAW
0.551105,34.261607,2019-09-02,Busia County,FAW
0.499269,34.288866,2019-10-02,Busia County,FAW
0.536165,34.25831,2019-08-28,Busia County,FAW
0.607419,34.372147,2019-08-14,Busia County,FAW
0.549019,34.271046,2021-01-18,Busia County,FAW
0.508951,34.527066,2020-06-15,Bungoma County,FAW
0.9661938,35.0674217,2018-07-07,Trans-Nzoia County,FAW
0.697794,34.350563,2019-10-14,Busia County,FAW
0.524397,34.260741,2019-08-23,Busia County,FAW
0.551277,34.262762,2019-05-27,Busia County,FAW
0.540599,34.275826,2020-11-11,Busia County,FAW
0.559707,34.285352,2019-05-22,Busia County,FAW
-0.7950772,35.4120073,2018-08-17,Bomet,FAW
-1.2619503,36.8011305,2019-03-14,Nairobi County,FAW
0.499269,34.288866,2019-10-09,Busia County,FAW
0.412293,34.146762,2019-11-10,Busia County,FAW
-3.337512,40.011866,2021-05-25,Kilifi County,FAW
0.602632,34.36764,2019-05-25,Busia County,FAW
0.499269,34.288866,2019-10-01,Busia County,FAW
0.619419,34.340578,2019-09-24,Busia County,FAW
0.695431,34.383592,2019-08-23,Busia County,FAW
0.544856,34.262669,2019-08-13,Busia County,FAW
0.464761,34.102925,2019-08-21,Busia County,FAW
-0.2852298,36.0696643,2019-02-14,Nakuru,FAW
0.536165,34.25831,2019-09-03,Busia County,FAW
0.536051,34.232722,2019-05-17,Busia County,FAW
0.602451,34.415491,2019-12-04,Bungoma County,FAW
0.627649,34.322534,2019-05-29,Busia County,FAW
0.536165,34.25831,2019-09-09,Busia County,FAW
-3.172872,39.97995,2021-03-16,Kilifi County,FAW
0.592755,34.573431,2021-05-05,Bungoma County,FAW
0.544665,34.262594,2019-08-26,Busia County,FAW
0.695431,34.383592,2019-08-29,Busia County,FAW
0.464761,34.102925,2019-08-22,Busia County,FAW
0.499269,34.288866,2019-09-23,Busia County,FAW
0.541221,34.260381,2019-08-15,Busia County,FAW
-0.285408,36.069687,2019-12-17,Nakuru,FAW
0.551105,34.261607,2019-08-29,Busia County,FAW
0.308899,34.207244,2019-11-12,Busia County,FAW
-1.5290018,37.2628393,2019-06-12,Machakos County,FAW
0.499269,34.288866,2019-10-03,Busia County,FAW
-1.1703427,36.8581619,2019-07-11,Kiambu,FAW
0.540477,34.220953,2019-05-16,Busia County,FAW
0.616777,34.282455,2021-10-27,Busia County,FAW
0.619174,34.340578,2019-09-13,Busia County,FAW
0.460834,34.105694,2021-01-06,Busia County,FAW
0.583829,34.26234,2019-05-24,Busia County,FAW
0.583829,34.26234,2019-05-24,Busia County,FAW
-3.22193,40.0093,2021-05-31,Kilifi County,FAW
0.415266,34.138417,2021-10-18,Busia County,FAW
1.0965693,34.7871709,2018-06-29,Trans-Nzoia County,FAW
0.499269,34.288866,2019-10-02,Busia County,FAW
-0.7095333333333333,35.06756,2018-06-10,Bomet,FAW
0.499269,34.288866,2019-09-17,Busia County,FAW
-3.423791,39.900172,2021-05-19,Kilifi County,FAW
0.499269,34.288866,2019-10-02,Busia County,FAW
0.397893,34.144676,2021-06-15,Busia County,FAW
-1.2619474,36.8013641,2019-03-14,Nairobi County,FAW
0.536165,34.25831,2019-08-28,Busia County,FAW
-0.285458,36.070052,2019-12-17,Nakuru,FAW
0.544665,34.262594,2019-09-02,Busia County,FAW
-3.581976,39.867073,2021-05-24,Kilifi County,FAW
0.632709,34.26977,2019-05-21,Busia County,FAW
0.549903,34.18546,2019-05-20,Busia County,FAW
0.695431,34.383592,2019-08-16,Busia County,FAW
0.499269,34.288866,2019-10-01,Busia County,FAW
0.5991302,34.6212566,2019-03-27,Bungoma County,FAW
0.709391,34.381132,2019-08-27,Busia County,FAW
0.541221,34.260381,2019-08-16,Busia County,FAW
-1.5290018,37.2628393,2019-06-12,Machakos County,FAW
0.499269,34.288866,2019-09-18,Busia County,FAW
-0.285719,36.07592,2019-12-17,Nakuru,FAW
-0.384357,38.569486,2019-09-13,Kitui County,FAW
-1.2619425,36.8013114,2019-03-14,Nairobi County,FAW
0.536165,34.25831,2019-09-09,Busia County,FAW
0.536165,34.25831,2019-09-02,Busia County,FAW
0.564991,34.386005,2021-05-18,Bungoma County,FAW
0.536165,34.25831,2019-08-21,Busia County,FAW
-0.4566275,37.006341,2018-04-26,Nyeri,FAW
-1.5290018,37.2628393,2019-06-12,Machakos County,FAW
0.6032,34.413411,2021-02-26,Bungoma County,FAW
0.533457,34.527007,2021-06-08,Bungoma County,FAW
-1.5681674,37.0770898,2019-04-03,Machakos County,FAW
-0.7951372,35.4120286,2018-09-06,Bomet,FAW
0.9961416,35.0604029,2018-06-28,Trans-Nzoia County,FAW
-0.7951372,35.4120286,2018-08-31,Bomet,FAW
0.213035,34.350195,2019-07-10,Siaya County,FAW
-0.0869941,37.6630762,2019-04-09,Meru County,FAW
0.1835069,34.3011675,2019-07-10,Siaya County,FAW
0.8261664,34.9338462,2018-08-24,Bungoma County,FAW
0.499269,34.288866,2019-10-09,Busia County,FAW
0.645349,34.28713,2019-05-28,Busia County,FAW
0.536165,34.25831,2019-09-02,Busia County,FAW
0.536165,34.25831,2019-08-23,Busia County,FAW
0.412595,34.134939,2021-10-18,Busia County,FAW
-3.198034,39.92105,2021-03-01,Kilifi County,FAW
0.1835069,34.3011675,2019-07-09,Siaya County,FAW
0.607419,34.372147,2019-08-15,Busia County,FAW
1.0972986,34.779357,2018-07-06,Trans-Nzoia County,FAW
0.385345,34.272547,2021-10-19,Busia County,FAW
0.632709,34.26977,2019-05-21,Busia County,FAW
-1.5683764,37.078103,2019-04-03,Machakos County,FAW
0.608624,34.542974,2021-04-19,Bungoma County,FAW
0.585278,34.247075,2019-05-21,Busia County,FAW
0.504638,34.138156,2019-09-18,Busia County,FAW
-1.5290018,37.2628393,2019-06-12,Machakos County,FAW
0.2825186,34.7575565,2018-04-05,Kakamega County,FAW
0.460842,34.105704,2021-01-06,Busia County,FAW
0.536165,34.25831,2019-08-30,Busia County,FAW
0.559707,34.285352,2019-05-22,Busia County,FAW
0.449946,34.215484,2021-04-20,Busia County,FAW
0.422932,34.266297,2019-08-16,Busia County,FAW
0.464775,34.102931,2019-08-13,Busia County,FAW
-3.916757,39.742552,2021-08-19,Kilifi County,FAW
0.548833,34.271123,2021-01-18,Busia County,FAW
-0.4473161,36.9847058,2018-04-26,Nyeri,FAW
-0.7532388,35.4473284,2018-08-24,Bomet,FAW
0.516254,34.548512,2021-05-17,Bungoma County,FAW
0.818449,34.913273,2021-06-22,Bungoma County,FAW
-3.942366,39.720646,2021-05-07,Kilifi County,FAW
0.422932,34.266297,2019-08-22,Busia County,FAW
0.536165,34.25831,2019-09-04,Busia County,FAW
-3.279464,40.040718,2021-05-28,Kilifi County,FAW
0.544665,34.262594,2019-08-28,Busia County,FAW
0.544665,34.262594,2019-09-10,Busia County,FAW
0.566718,34.387897,2021-06-15,Bungoma County,FAW
0.545441,34.263172,2019-09-12,Busia County,FAW
0.536165,34.25831,2019-08-23,Busia County,FAW
0.549716,34.261551,2019-05-15,Busia County,FAW
0.403789,34.188478,2019-05-27,Busia County,FAW
-3.241883,40.016318,2021-05-19,Kilifi County,FAW
-0.2852391,36.0696756,2019-02-12,Nakuru,FAW
-0.285307,36.07009,2019-12-17,Nakuru,FAW
0.565395,34.386282,2021-05-26,Bungoma County,FAW
-0.2852391,36.0696756,2019-02-12,Nakuru,FAW
-0.2852298,36.0696643,2019-02-14,Nakuru,FAW
-1.5290416,37.2627992,2019-06-11,Machakos County,FAW
0.403789,34.188478,2019-05-27,Busia County,FAW
0.59918,34.6211986,2018-09-14,Bungoma County,FAW
-3.270743,40.032478,2021-06-03,Kilifi County,FAW
0.544665,34.262594,2019-09-02,Busia County,FAW
0.27615,34.13118,2021-04-19,Busia County,FAW
0.632709,34.26977,2019-05-21,Busia County,FAW
0.499269,34.288866,2019-09-13,Busia County,FAW
0.544665,34.262594,2019-08-28,Busia County,FAW
0.9187015,34.9300383,2018-07-28,Trans-Nzoia County,FAW
0.544665,34.262594,2019-09-10,Busia County,FAW
0.460815,34.105669,2021-01-06,Busia County,FAW
0.536165,34.25831,2019-08-22,Busia County,FAW
0.1097921,36.2710686,2018-08-25,Nakuru,FAW
0.535763,34.224197,2019-10-02,Busia County,FAW
0.499269,34.288866,2019-10-03,Busia County,FAW
0.1491868,36.272831,2018-06-24,Nakuru,FAW
0.5989552,34.6210103,2019-03-26,Bungoma County,FAW
0.539344,34.259004,2019-05-15,Busia County,FAW
0.5673949,34.5606381,2018-06-13,Bungoma County,FAW
0.800855,34.729438,2021-06-18,Bungoma County,FAW
-0.0869941,37.6630762,2019-04-09,Meru County,FAW
-1.5290018,37.2628393,2019-06-12,Machakos County,FAW
0.464761,34.102925,2019-08-20,Busia County,FAW
0.544856,34.262669,2019-08-13,Busia County,FAW
0.9141845,34.9359706,2018-07-28,Trans-Nzoia County,FAW
0.8295821,34.9274034,2018-07-03,Bungoma County,FAW
-0.285332,36.07293,2019-12-17,Nakuru,FAW
-3.226018,40.011224,2021-05-31,Kilifi County,FAW
0.586131,34.40301,2021-02-26,Bungoma County,FAW
0.499269,34.288866,2019-10-02,Busia County,FAW
0.634052,34.28713,2019-05-29,Busia County,FAW
0.544665,34.262594,2019-08-28,Busia County,FAW
0.504638,34.138156,2019-09-30,Busia County,FAW
-0.285426,36.070371,2019-12-17,Nakuru,FAW
0.504638,34.138156,2019-09-24,Busia County,FAW
0.592816,34.530511,2021-10-05,Bungoma County,FAW
0.8220324,34.9225785,2018-07-14,Bungoma County,FAW
-0.28532,36.070656,2019-12-17,Nakuru,FAW
0.40906,34.139298,2021-05-13,Busia County,FAW
0.536165,34.25831,2019-08-30,Busia County,FAW
0.524397,34.260741,2019-08-23,Busia County,FAW
0.58969,34.57335,2021-04-15,Bungoma County,FAW
0.697794,34.350563,2019-08-29,Busia County,FAW
0.9087637,34.9353294,2018-06-30,Trans-Nzoia County,FAW
0.520388,34.257103,2021-06-10,Busia County,FAW
0.499269,34.288866,2019-10-01,Busia County,FAW
0.536886,34.260394,2019-08-15,Busia County,FAW
-1.5290018,37.2628393,2019-06-12,Machakos County,FAW
0.544665,34.262594,2019-08-27,Busia County,FAW
0.499269,34.288866,2019-09-16,Busia County,FAW
0.544665,34.262594,2019-08-29,Busia County,FAW
-3.432508,39.904027,2021-05-19,Kilifi County,FAW
0.464761,34.102925,2019-09-04,Busia County,FAW
0.435988,34.20657,2021-05-04,Busia County,FAW
0.1490642,36.2724663,2018-07-27,Nakuru,FAW
-0.775506,35.4639503,2018-09-22,Bomet,FAW
0.475933,34.155298,2021-01-20,Busia County,FAW
0.524397,34.260741,2019-10-15,Busia County,FAW
-1.5683764,37.078103,2019-04-03,Machakos County,FAW
0.4831488,37.6090933,2019-04-24,Meru County,FAW
0.551153,34.261497,2019-08-07,Busia County,FAW
0.800807,34.729342,2021-06-07,Bungoma County,FAW
-3.581885,39.849714,2021-07-19,Kilifi County,FAW
0.499269,34.288866,2019-09-17,Busia County,FAW
0.589795,34.583855,2021-10-18,Bungoma County,FAW
0.511629,34.146414,2019-09-16,Busia County,FAW
0.541221,34.260381,2019-08-15,Busia County,FAW
0.422932,34.266297,2019-09-09,Busia County,FAW
-3.430576,39.903063,2021-07-29,Kilifi County,FAW
0.487762,34.23994,2019-09-23,Busia County,FAW
0.583091,34.205855,2020-06-17,Busia County,FAW
-0.285408,36.069687,2019-12-17,Nakuru,FAW
0.551105,34.261607,2019-08-20,Busia County,FAW
-0.08750075,34.78389669,2019-02-25,Kisumu County,FAW
0.338737,34.186878,2021-05-27,Busia County,FAW
-1.5290018,37.2628393,2019-06-12,Machakos County,FAW
0.59276,34.572739,2021-05-13,Bungoma County,FAW
0.709139,34.381352,2019-05-31,Busia County,FAW
0.36426,34.151765,2020-06-04,Busia County,FAW
0.551105,34.261607,2019-09-10,Busia County,FAW
0.545441,34.263172,2019-09-12,Busia County,FAW
0.536165,34.25831,2019-09-10,Busia County,FAW
-1.5683498,37.0774412,2019-04-03,Machakos County,FAW
0.498179,34.142242,2021-05-10,Busia County,FAW
0.511629,34.146414,2019-10-08,Busia County,FAW
-3.2474,40.024667,2021-06-11,Kilifi County,FAW
0.544665,34.262594,2019-09-02,Busia County,FAW
0.464761,34.102925,2019-08-20,Busia County,FAW
0.462374,34.108853,2019-05-20,Busia County,FAW
0.569799,34.392955,2021-02-26,Bungoma County,FAW
0.541221,34.260381,2019-08-16,Busia County,FAW
-0.285458,36.069887,2019-12-17,Nakuru,FAW
0.499269,34.288866,2019-10-04,Busia County,FAW
0.695431,34.383592,2019-08-22,Busia County,FAW
0.590791,34.609067,2021-05-03,Bungoma County,FAW
0.8295821,34.9274034,2018-07-05,Bungoma County,FAW
-3.422193,39.903543,2021-05-19,Kilifi County,FAW
-3.932635,39.723868,2021-05-20,Kilifi County,FAW
0.403789,34.188478,2019-05-27,Busia County,FAW
0.592755,34.573431,2021-04-29,Bungoma County,FAW
0.499269,34.288866,2019-10-10,Busia County,FAW
0.539806,34.220922,2019-05-16,Busia County,FAW
0.709139,34.381352,2019-05-31,Busia County,FAW
0.583829,34.26234,2019-05-24,Busia County,FAW
0.460309,34.239159,2019-05-16,Busia County,FAW
0.586881,34.330863,2019-05-22,Busia County,FAW
0.544665,34.262594,2019-09-02,Busia County,FAW
0.645349,34.28713,2019-05-28,Busia County,FAW
0.544665,34.262594,2019-09-10,Busia County,FAW
0.246346,34.23226,2021-10-19,Siaya County,FAW
0.279647,34.226354,2021-10-19,Siaya County,FAW
-0.0869941,37.6630762,2019-04-10,Meru County,FAW
0.619419,34.340578,2019-09-23,Busia County,FAW
0.541221,34.260381,2019-08-15,Busia County,FAW
0.504638,34.138156,2019-09-24,Busia County,FAW
0.499269,34.288866,2019-09-19,Busia County,FAW
0.544665,34.262594,2019-08-21,Busia County,FAW
0.462374,34.108853,2019-05-20,Busia County,FAW
-1.168545,36.7850683,2019-11-22,Kiambu,FAW
0.636427,34.330169,2021-05-19,Busia County,FAW
0.466076,34.236428,2021-05-12,Busia County,FAW
-1.5300949,37.2629346,2019-06-11,Machakos County,FAW
0.592286,34.570663,2021-05-27,Bungoma County,FAW
0.276037,34.130331,2021-05-24,Busia County,FAW
0.527028,34.519314,2020-06-17,Bungoma County,FAW
0.524397,34.260741,2019-08-28,Busia County,FAW
0.615966,34.707248,2021-05-24,Bungoma County,FAW
0.334685,34.192076,2020-05-12,Busia County,FAW
0.536051,34.232722,2019-05-17,Busia County,FAW
0.545441,34.263172,2019-09-11,Busia County,FAW
0.329265,34.228091,2021-06-04,Busia County,FAW
0.586881,34.330863,2019-05-22,Busia County,FAW
0.697794,34.350563,2019-10-09,Busia County,FAW
0.552766,34.335819,2019-05-25,Busia County,FAW
0.460833,34.105697,2021-01-06,Busia County,FAW
0.591516,34.575853,2021-05-04,Bungoma County,FAW
0.536165,34.25831,2019-08-29,Busia County,FAW
0.551277,34.262762,2019-05-27,Busia County,FAW
1.942783,35.044426,2020-11-09,West Pokot,FAW
0.8935209,34.9725536,2018-06-19,Trans-Nzoia County,FAW
0.724692,34.663567,2021-05-04,Bungoma County,FAW
-3.429458,39.905633,2021-05-26,Kilifi County,FAW
0.544665,34.262594,2019-08-16,Busia County,FAW
0.541221,34.260381,2019-08-16,Busia County,FAW
0.499269,34.288866,2019-09-26,Busia County,FAW
0.632712,34.269422,2019-05-14,Busia County,FAW
0.520436,34.22687,2020-11-04,Busia County,FAW
-1.5681674,37.0770898,2019-04-03,Machakos County,FAW
0.632709,34.26977,2019-05-21,Busia County,FAW
0.4831488,37.6090933,2019-04-24,Meru County,FAW
-1.2619041,36.8010904,2019-03-14,Nairobi County,FAW
-3.188008,39.993523,2021-03-08,Kilifi County,FAW
-3.332157,40.006305,2021-05-25,Kilifi County,FAW
0.460848,34.105708,2021-01-06,Busia County,FAW
0.499269,34.288866,2019-09-23,Busia County,FAW
0.541221,34.260381,2019-08-15,Busia County,FAW
-0.7756517,35.4638741,2018-12-21,Bomet,FAW
-0.248928,37.068166,2023-05-30,Nyeri,FAW
0.536165,34.25831,2019-08-28,Busia County,FAW
0.511629,34.146414,2019-09-16,Busia County,FAW
0.8742921,34.900851,2018-07-06,Trans-Nzoia County,FAW
-0.460739,37.0086736,2018-04-26,Nyeri,FAW
0.52039,34.2569,2021-06-03,Busia County,FAW
-3.266117,40.047128,2021-05-26,Kilifi County,FAW
0.536165,34.25831,2019-08-29,Busia County,FAW
0.544665,34.262594,2019-08-27,Busia County,FAW
0.695431,34.383592,2019-08-22,Busia County,FAW
0.4092,34.13916,2021-05-18,Busia County,FAW
0.544665,34.262594,2019-09-04,Busia County,FAW
-3.435494,39.903705,2021-06-23,Kilifi County,FAW
-3.278926,40.04168,2021-05-06,Kilifi County,FAW
0.695431,34.383592,2019-08-21,Busia County,FAW
-3.234411,40.015714,2021-05-13,Kilifi County,FAW
-3.227862,40.05546,2021-05-24,Kilifi County,FAW
1.117226,34.8072442,2018-06-29,Trans-Nzoia County,FAW
0.499269,34.288866,2019-09-18,Busia County,FAW
0.499269,34.288866,2019-09-18,Busia County,FAW
0.464761,34.102925,2019-08-14,Busia County,FAW
-3.893758,39.764403,2021-08-12,Kilifi County,FAW
-1.14803,36.8057417,2019-12-14,Kiambu,FAW
0.56492,34.386023,2021-06-24,Bungoma County,FAW
0.695431,34.383592,2019-08-19,Busia County,FAW
-0.285368,36.069941,2019-12-17,Nakuru,FAW
-0.286475,36.069907,2019-12-17,Nakuru,FAW
0.9669028,35.0677245,2018-07-21,Trans-Nzoia County,FAW
0.9187735,34.9299128,2018-07-14,Trans-Nzoia County,FAW
0.462374,34.108853,2019-05-20,Busia County,FAW
0.275573,34.131145,2021-05-10,Busia County,FAW
-0.0869941,37.6630762,2019-04-09,Meru County,FAW
0.499269,34.288866,2019-10-03,Busia County,FAW
0.499269,34.288866,2019-10-08,Busia County,FAW
0.548878,34.271198,2021-01-18,Busia County,FAW
-0.448273,38.569491,2019-09-13,Kitui County,FAW
0.536886,34.260394,2019-08-15,Busia County,FAW
-0.7947799,35.4119161,2018-07-24,Bomet,FAW
-1.2927264,36.8890826,2019-07-12,Nairobi County,FAW
-1.5305131,37.262693,2019-06-11,Machakos County,FAW
-3.423791,39.900172,2021-05-19,Kilifi County,FAW
0.433009,34.20516,2021-05-25,Busia County,FAW
0.544665,34.262594,2019-09-03,Busia County,FAW
0.56534,34.38631,2021-05-03,Bungoma County,FAW
-1.5681674,37.0770898,2019-04-03,Machakos County,FAW
0.536165,34.25831,2019-09-09,Busia County,FAW
0.544665,34.262594,2019-08-30,Busia County,FAW
-0.7756422,35.4639268,2018-11-02,Bomet,FAW
0.620899,34.339537,2020-05-11,Busia County,FAW
-3.46018,39.895353,2021-07-01,Kilifi County,FAW
0.820652,34.913617,2020-05-05,Bungoma County,FAW
0.544665,34.262594,2019-08-23,Busia County,FAW
-0.7756328,35.463955,2018-12-28,Bomet,FAW
0.464761,34.102925,2019-08-20,Busia County,FAW
0.632709,34.26977,2019-05-21,Busia County,FAW
-0.285507,36.070559,2019-12-17,Nakuru,FAW
0.499269,34.288866,2019-10-04,Busia County,FAW
0.499269,34.288866,2019-10-03,Busia County,FAW
-3.588208,39.852041,2021-05-31,Kilifi County,FAW
0.8912187,34.9882528,2018-06-30,Trans-Nzoia County,FAW
0.499269,34.288866,2019-09-20,Busia County,FAW
0.536165,34.25831,2019-08-23,Busia County,FAW
-1.5290018,37.2628393,2019-06-12,Machakos County,FAW
0.499269,34.288866,2019-09-17,Busia County,FAW
0.633908,34.273589,2019-05-14,Busia County,FAW
0.47601,34.155332,2021-01-20,Busia County,FAW
0.551277,34.262762,2019-05-27,Busia County,FAW
0.536886,34.260394,2019-08-07,Busia County,FAW
-3.226295,40.010583,2021-05-04,Kilifi County,FAW
0.536165,34.25831,2019-09-03,Busia County,FAW
-0.286356,36.070548,2019-12-17,Nakuru,FAW
0.460818,34.105674,2021-01-06,Busia County,FAW
-0.4596055,37.0136959,2018-04-26,Nyeri,FAW
0.816067,34.906379,2019-12-20,Bungoma County,FAW
-3.289355,40.034628,2021-05-06,Kilifi County,FAW
0.1493145,36.2713844,2018-08-27,Nakuru,FAW
0.552181,34.175314,2021-07-06,Busia County,FAW
0.472172,34.234258,2021-01-11,Busia County,FAW
0.535763,34.224197,2019-09-30,Busia County,FAW
-0.285232,36.0696627,2019-02-14,Nakuru,FAW
-1.52915745,37.26268319,2019-06-11,Machakos County,FAW
-0.8039876,35.4818511,2018-10-06,Bomet,FAW
0.799665,34.727977,2021-05-06,Bungoma County,FAW
-1.567865,37.0779083,2019-04-03,Machakos County,FAW
0.52039,34.256885,2021-05-20,Busia County,FAW
-1.5290018,37.2628393,2019-06-12,Machakos County,FAW
0.540059,34.26213,2021-05-12,Busia County,FAW
0.629064,34.330169,2019-05-28,Busia County,FAW
0.536165,34.25831,2019-08-21,Busia County,FAW
0.592605,34.572551,2021-06-03,Bungoma County,FAW
0.9658551,35.0565393,2018-07-14,Trans-Nzoia County,FAW
0.709139,34.381352,2019-05-31,Busia County,FAW
0.562212,34.283311,2020-11-05,Busia County,FAW
0.627649,34.322534,2019-05-29,Busia County,FAW
-0.3609017,37.62923,2019-07-12,Tharaka-Nithi,FAW
0.149052,36.2724682,2018-07-11,Nakuru,FAW
-0.7757221,35.4634945,2018-11-09,Bomet,FAW
0.533733,34.526807,2021-05-18,Bungoma County,FAW
0.544665,34.262594,2019-08-21,Busia County,FAW
0.565305,34.279623,2019-05-22,Busia County,FAW
0.619419,34.340578,2019-09-27,Busia County,FAW
-0.2,36.09,2019-02-14,Nakuru,FAW
0.59731258,34.619443,2019-03-26,Bungoma County,FAW
-3.332613,40.005835,2021-05-20,Kilifi County,FAW
0.583829,34.26234,2019-05-24,Busia County,FAW
0.2756,34.131023,2021-05-24,Busia County,FAW
0.544665,34.262594,2019-08-19,Busia County,FAW
0.338698,34.186837,2021-05-11,Busia County,FAW
1.117226,34.807242,2018-07-13,Trans-Nzoia County,FAW
-0.285264,36.0697735,2019-02-13,Nakuru,FAW
-0.286475,36.069907,2019-12-17,Nakuru,FAW
0.1447692,36.274346,2018-11-21,Nakuru,FAW
0.499269,34.288866,2019-09-17,Busia County,FAW
0.499269,34.288866,2019-09-19,Busia County,FAW
0.536165,34.25831,2019-08-21,Busia County,FAW
0.527022,34.271506,2021-05-27,Busia County,FAW
-0.2852298,36.0696643,2019-02-14,Nakuru,FAW
0.52296,34.255532,2021-06-10,Busia County,FAW
0.464113,34.104331,2019-09-09,Busia County,FAW
0.619419,34.340578,2019-10-03,Busia County,FAW
0.504638,34.138156,2019-10-01,Busia County,FAW
0.541221,34.260381,2019-08-15,Busia County,FAW
0.536165,34.25831,2019-09-09,Busia County,FAW
0.544665,34.262594,2019-08-22,Busia County,FAW
0.633732,34.273242,2019-12-06,Busia County,FAW
-0.285408,36.069687,2019-12-17,Nakuru,FAW
0.558815,34.2702217,2019-09-11,Busia County,FAW
0.551105,34.261607,2019-09-06,Busia County,FAW
0.547451,34.260204,2021-06-04,Busia County,FAW
-3.213968,39.98274,2021-07-12,Kilifi County,FAW
0.462374,34.108853,2019-05-20,Busia County,FAW
0.797811,34.716577,2021-05-20,Bungoma County,FAW
0.8742921,34.900851,2018-07-09,Trans-Nzoia County,FAW
0.499269,34.288866,2019-10-10,Busia County,FAW
0.551105,34.261607,2019-08-29,Busia County,FAW
0.544665,34.262594,2019-08-27,Busia County,FAW
0.499269,34.288866,2019-09-16,Busia County,FAW
-0.2852298,36.0696643,2019-02-14,Nakuru,FAW
-0.0866567,37.663225,2019-04-09,Meru County,FAW
0.566042,34.296608,2019-11-12,Busia County,FAW
0.499269,34.288866,2019-10-10,Busia County,FAW
0.460309,34.239159,2019-05-16,Busia County,FAW
0.499269,34.288866,2019-10-04,Busia County,FAW
-3.23392,40.015714,2021-05-26,Kilifi County,FAW
0.541039,34.26213,2021-05-06,Busia County,FAW
0.487762,34.23994,2019-09-23,Busia County,FAW
0.551105,34.261607,2019-09-03,Busia County,FAW
0.552766,34.335819,2019-05-25,Busia County,FAW
-1.5171111,37.2694797,2019-06-11,Machakos County,FAW
0.544665,34.262594,2019-08-22,Busia County,FAW
-3.910818,39.737527,2021-07-09,Kilifi County,FAW
0.540477,34.220953,2019-05-16,Busia County,FAW
0.619419,34.340578,2019-09-25,Busia County,FAW
0.551153,34.261497,2019-08-14,Busia County,FAW
0.9087637,34.9353294,2018-06-23,Trans-Nzoia County,FAW
-1.370085,38.00522,2020-05-15,Kitui County,FAW
0.535763,34.224197,2019-08-16,Busia County,FAW
0.282078,34.226354,2021-10-19,Siaya County,FAW
-1.5290018,37.2628393,2019-06-12,Machakos County,FAW
0.536165,34.25831,2019-09-09,Busia County,FAW
0.582841,34.20655,2020-07-14,Busia County,FAW
0.634052,34.28713,2019-05-29,Busia County,FAW
0.536165,34.25831,2019-09-09,Busia County,FAW
0.627649,34.322534,2019-05-29,Busia County,FAW
0.535763,34.224197,2019-09-30,Busia County,FAW
0.611434,34.758714,2021-05-05,Bungoma County,FAW
0.511629,34.146414,2019-09-24,Busia County,FAW
0.618654,34.286731,2019-11-11,Busia County,FAW
0.499269,34.288866,2019-10-01,Busia County,FAW
0.4831488,37.6090933,2019-04-24,Meru County,FAW
-1.5290018,37.2628393,2019-06-12,Machakos County,FAW
-0.0869941,37.660762,2019-04-10,Meru County,FAW
-3.889646,39.769731,2021-03-25,Kilifi County,FAW
0.460839,34.105698,2021-01-06,Busia County,FAW
0.516254,34.548512,2021-05-17,Bungoma County,FAW
0.422932,34.266297,2019-09-09,Busia County,FAW
0.536165,34.25831,2019-08-21,Busia County,FAW
-1.5290018,37.2628393,2019-06-12,Machakos County,FAW
0.565208,34.386285,2021-06-24,Bungoma County,FAW
0.536165,34.25831,2019-09-09,Busia County,FAW
-3.893788,39.764398,2021-07-01,Kilifi County,FAW
0.275929,34.13035,2021-05-03,Busia County,FAW
0.499269,34.288866,2019-09-13,Busia County,FAW
0.56433,34.530078,2021-04-28,Bungoma County,FAW
0.499269,34.288866,2019-09-25,Busia County,FAW
-1.534283,37.262481,2019-12-03,Machakos County,FAW
-1.5682105,37.0770931,2019-04-03,Machakos County,FAW
0.524397,34.260741,2019-08-22,Busia County,FAW
0.464761,34.102925,2019-08-20,Busia County,FAW
0.534952,34.230194,2019-05-17,Busia County,FAW
0.536165,34.25831,2019-09-09,Busia County,FAW
0.602632,34.36764,2019-05-25,Busia County,FAW
-3.22645,40.012507,2021-05-31,Kilifi County,FAW
-3.895795,39.771533,2021-06-03,Kilifi County,FAW
-0.8508855,35.3964127,2018-09-21,Bomet,FAW
0.78,34.84,2019-01-11,Bungoma County,FAW
0.78,34.84,2019-01-18,Bungoma County,FAW
0.7924356,34.8327697,2019-01-11,Bungoma County,FAW
0.79,34.83,2019-01-18,Bungoma County,FAW
-1.1689039,36.8371759,2019-07-26,Kiambu,FAW
-1.1689039,36.8371759,2019-07-26,Kiambu,FAW
0.0740275,36.2218897,2018-07-30,Nakuru,FAW
-0.3687659,37.6414074,2020-01-02,Tharaka-Nithi,FAW
-0.3687095,37.6414117,2020-02-17,Tharaka-Nithi,FAW
-0.3687416,37.641391,2019-11-09,Tharaka-Nithi,FAW
-0.3687417,37.6415052,2020-05-05,Tharaka-Nithi,FAW
-0.3687638,37.6414017,2020-03-18,Tharaka-Nithi,FAW
-0.3685781,37.6413024,2019-10-25,Tharaka-Nithi,FAW
-0.3687824,37.6414119,2020-01-06,Tharaka-Nithi,FAW
-0.3691137,37.6410582,2020-01-24,Tharaka-Nithi,FAW
-0.7650903,35.4414548,2019-03-15,Bomet,FAW
-0.7643163,35.4410634,2019-05-13,Bomet,FAW
-0.7643163,35.4407975,2019-03-11,Bomet,FAW
-0.7643051,35.4407974,2019-01-04,Bomet,FAW
-0.7533734,35.4474665,2018-07-27,Bomet,FAW
-0.7532498,35.4473156,2018-09-28,Bomet,FAW
-0.7533072,35.4473714,2018-08-10,Bomet,FAW
-0.7642632,35.4407273,2019-03-26,Bomet,FAW
-0.7635847,35.4366377,2018-11-23,Bomet,FAW
-0.7614738,35.4398485,2018-12-21,Bomet,FAW
-0.763376,35.4423846,2019-01-12,Bomet,FAW
-0.7631828,35.4363501,2018-12-01,Bomet,FAW
-0.7532388,35.4473284,2018-08-24,Bomet,FAW
-0.7680937,35.4361563,2018-11-16,Bomet,FAW
-0.7532993,35.4473221,2018-09-14,Bomet,FAW
-0.7614738,35.4398485,2018-12-21,Bomet,FAW
-0.7643163,35.4407975,2019-03-11,Bomet,FAW
-0.7635847,35.4366377,2018-11-23,Bomet,FAW
-0.7650903,35.4414548,2019-03-15,Bomet,FAW
-0.7584509,35.4451681,2018-09-07,Bomet,FAW
-0.7643163,35.4410634,2019-05-13,Bomet,FAW
-0.763376,35.4423846,2019-01-12,Bomet,FAW
-0.7532498,35.4473156,2018-09-28,Bomet,FAW
-0.7631828,35.4363501,2018-12-01,Bomet,FAW
-0.7532388,35.4473284,2018-08-24,Bomet,FAW
-0.7642632,35.4407273,2019-03-26,Bomet,FAW
-0.7533072,35.4473714,2018-08-10,Bomet,FAW
-0.7643051,35.4407974,2019-01-04,Bomet,FAW
-0.781192,35.4552246,2018-08-03,Bomet,FAW
-0.7532993,35.4473221,2018-09-14,Bomet,FAW
-0.4105983,35.6917062,2018-07-18,Nakuru,FAW
-0.83427,35.3539973,2018-09-07,Bomet,FAW
-0.8762537,35.398558,2018-07-02,Bomet,FAW
-0.8509635,35.3968636,2018-09-07,Bomet,FAW
-0.8402506,35.3653111,2018-09-14,Bomet,FAW
0.7908147,34.869219,2018-12-07,Bungoma County,FAW
0.354647,34.120941,2019-03-18,Busia County,FAW
0.563577,34.279004,2019-09-11,Busia County,FAW
0.055943,37.755668,2019-09-13,Meru County,FAW
-0.7757393,35.4638558,2018-08-10,Bomet,FAW
-0.7757393,35.4638558,2018-08-10,Bomet,FAW
-1.286121,36.745511,2019-12-06,Nairobi County,FAW
-0.285738,36.070823,2019-12-16,Nakuru,FAW
-0.286482,36.06991,2019-12-17,Nakuru,FAW
-0.286245,36.070127,2019-12-17,Nakuru,FAW
-0.285589,36.066156,2019-12-17,Nakuru,FAW
-0.285589,36.066156,2019-12-17,Nakuru,FAW
-0.28532,36.070656,2019-12-17,Nakuru,FAW
-0.28532,36.070656,2019-12-17,Nakuru,FAW
-0.286675,36.069861,2019-12-17,Nakuru,FAW
-0.285529,36.067579,2019-12-17,Nakuru,FAW
-0.285408,36.069687,2019-12-17,Nakuru,FAW
-0.285529,36.067579,2019-12-17,Nakuru,FAW
-0.285363,36.070455,2019-12-17,Nakuru,FAW
-0.286218,36.069464,2019-12-17,Nakuru,FAW
-0.286553,36.069847,2019-12-17,Nakuru,FAW
-0.285408,36.069687,2019-12-17,Nakuru,FAW
-0.285408,36.069687,2019-12-17,Nakuru,FAW
-0.28545,36.070053,2019-12-17,Nakuru,FAW
-0.285021,36.071843,2019-12-17,Nakuru,FAW
-0.285477,36.070049,2019-12-17,Nakuru,FAW
-0.285749,36.069812,2019-12-17,Nakuru,FAW
-0.285413,36.07,2019-12-17,Nakuru,FAW
-0.286688,36.07082,2019-12-17,Nakuru,FAW
-0.285511,36.069389,2019-12-17,Nakuru,FAW
-0.286078,36.070073,2019-12-17,Nakuru,FAW
-0.285409,36.069913,2019-12-17,Nakuru,FAW
-0.285351,36.070256,2019-12-17,Nakuru,FAW
-0.285739,36.069636,2019-12-17,Nakuru,FAW
-0.286475,36.069907,2019-12-17,Nakuru,FAW
-0.28545,36.070053,2019-12-17,Nakuru,FAW
-0.285157,36.069505,2019-12-17,Nakuru,FAW
-0.285999,36.069562,2019-12-17,Nakuru,FAW
-0.284624,36.072036,2019-12-28,Nakuru,FAW
0.71728245,34.71385447,2019-09-16,Bungoma County,FAW
0.71728245,34.71385447,2019-09-16,Bungoma County,FAW
0.71728245,34.71385447,2019-09-16,Bungoma County,FAW
0.71728245,34.71385447,2019-09-16,Bungoma County,FAW
0.71728245,34.71385447,2019-09-16,Bungoma County,FAW
0.78,34.83,2019-08-30,Bungoma County,FAW
-1.8444747,37.6343055,2019-07-27,Makueni,FAW
-1.8444747,37.6343055,2019-08-03,Makueni,FAW
0.791689,35.47014,2018-10-26,Uasin Gishu County,FAW
0.78,34.83,2019-09-13,Bungoma County,FAW
-0.8160555,35.4070817,2018-11-30,Bomet,FAW
0.791689,35.470147,2018-11-18,Uasin Gishu County,FAW
0.791689,35.470147,2018-10-26,Uasin Gishu County,FAW
0.791689,35.470147,2018-10-26,Uasin Gishu County,FAW
0.78,34.83,2019-11-29,Bungoma County,FAW
0.78,34.83,2019-12-13,Bungoma County,FAW
0.78,34.83,2019-10-04,Bungoma County,FAW
0.78,34.83,2019-12-06,Bungoma County,FAW
0.78,34.83,2019-11-22,Bungoma County,FAW
0.78,34.83,2019-12-06,Bungoma County,FAW
0.78,34.83,2019-08-18,Bungoma County,FAW
0.78,34.83,2019-12-13,Bungoma County,FAW
0.78,34.83,2019-11-29,Bungoma County,FAW
0.78,34.83,2019-10-04,Bungoma County,FAW
0.78,34.83,2019-11-22,Bungoma County,FAW
-1.2816172,36.8219889,2018-06-12,Nairobi County,FAW
0.0864943,36.245287,2018-07-31,Nakuru,FAW
0.1137328,36.2782858,2018-08-19,Nakuru,FAW
0.109906,36.2710365,2018-10-14,Nakuru,FAW
0.1137909,36.2781716,2018-08-07,Nakuru,FAW
0.113721,36.278221,2018-09-23,Nakuru,FAW
0.0740275,36.2218897,2018-07-30,Nakuru,FAW
0.1135713,36.2720665,2018-07-31,Nakuru,FAW
0.1223759,36.2601057,2018-08-23,Nakuru,FAW
0.1097975,36.2727444,2018-09-05,Nakuru,FAW
0.0763845,36.2215506,2018-08-29,Nakuru,FAW
0.0888657,36.2042057,2018-08-13,Nakuru,FAW
-1.266781,36.7312208,2018-06-26,Nairobi County,FAW
-0.7951372,35.4120286,2018-10-19,Bomet,FAW
-0.795137,35.41202,2018-10-19,Bomet,FAW
-0.7951372,35.4120286,2018-10-19,Bomet,FAW
-0.794748,35.4120332,2018-10-19,Bomet,FAW
-0.794748,35.4120332,2018-10-19,Bomet,FAW
-0.8160555,35.4070815,2018-12-07,Bomet,FAW
-0.8160555,35.4070815,2018-12-07,Bomet,FAW
0.791689,35.470147,2018-09-29,Uasin Gishu County,FAW
-0.8037201,35.4823585,2018-08-24,Bomet,FAW
-0.791689,35.470147,2018-09-14,Bomet,FAW
0.791689,35.47014,2018-10-26,Uasin Gishu County,FAW
-0.791689,35.470147,2018-09-14,Bomet,FAW
-0.8037053,35.4822344,2018-08-10,Bomet,FAW
-0.8037201,35.4823585,2018-08-24,Bomet,FAW
-0.9459788,35.4082726,2018-08-24,Bomet,FAW
-0.9461519,35.40799,2018-08-24,Bomet,FAW
-0.937231,35.4209081,2018-07-28,Bomet,FAW
-0.9380341,35.4221996,2018-08-03,Bomet,FAW
-0.937231,35.4209081,2018-07-28,Bomet,FAW
-0.9459788,35.4082726,2018-08-24,Bomet,FAW
-0.9380341,35.4221996,2018-08-03,Bomet,FAW
0.07726249,34.8147082,2018-12-14,Vihiga County,FAW
-1.265095,36.736571,2018-06-20,Nairobi County,FAW
-0.8037053,35.4822344,2018-08-10,Bomet,FAW
-1.8708834,37.5872072,2019-08-05,Makueni,FAW
-1.828845,37.5972417,2019-08-05,Makueni,FAW
-0.357275,37.63831,2019-08-16,Tharaka-Nithi,FAW
-0.35705,37.6380283,2019-08-19,Tharaka-Nithi,FAW
-0.3572083,37.6381017,2019-08-26,Tharaka-Nithi,FAW
-0.3880489,34.64395,2020-02-25,Homa Bay County,FAW
-0.39085,37.6466867,2019-09-14,Tharaka-Nithi,FAW
-0.389425,37.6440333,2019-09-24,Tharaka-Nithi,FAW
-0.389675,37.645559,2019-09-24,Tharaka-Nithi,FAW
-0.3880489,37.64395,2019-11-27,Tharaka-Nithi,FAW
-0.3880489,37.64395,2020-02-26,Tharaka-Nithi,FAW
0.78,34.83,2019-08-23,Bungoma County,FAW
0.78,34.83,2019-11-02,Bungoma County,FAW
0.78,34.83,2019-11-15,Bungoma County,FAW
0.78,34.83,2019-11-08,Bungoma County,FAW
0.78,34.83,2019-11-15,Bungoma County,FAW
0.78,34.83,2019-08-08,Bungoma County,FAW
0.78,34.83,2019-08-23,Bungoma County,FAW
0.78,34.83,2019-11-08,Bungoma County,FAW
1.0993955,34.8628437,2018-07-06,Trans-Nzoia County,FAW
1.0998382,34.8623683,2018-07-13,Trans-Nzoia County,FAW
1.1108945,34.8215518,2018-07-09,Trans-Nzoia County,FAW
1.0831089,34.8449979,2018-07-13,Trans-Nzoia County,FAW
-0.8158207,35.4071831,2018-12-14,Bomet,FAW
-0.8160555,35.4070817,2019-02-08,Bomet,FAW
-0.8160555,35.4070817,2019-02-15,Bomet,FAW
-0.8160555,35.4070817,2018-12-28,Bomet,FAW
-0.8160555,35.4070817,2018-11-30,Bomet,FAW
-0.8160555,35.4070817,2019-02-15,Bomet,FAW
-0.8160555,35.4070817,2018-12-28,Bomet,FAW
-0.8160555,35.4070817,2019-02-08,Bomet,FAW
-0.8158207,35.4071831,2018-12-14,Bomet,FAW
0.78,34.83,2019-03-29,Bungoma County,FAW
0.78,34.83,2019-07-26,Bungoma County,FAW
0.78,34.83,2019-09-27,Bungoma County,FAW
0.78,34.83,2019-05-03,Bungoma County,FAW
0.78,34.83,2019-08-30,Bungoma County,FAW
0.78,34.83,2019-09-06,Bungoma County,FAW
0.78,34.83,2019-08-18,Bungoma County,FAW
0.78,34.8326054,2019-01-11,Bungoma County,FAW
0.78,34.83,2019-07-05,Bungoma County,FAW
0.78,34.83,2019-09-20,Bungoma County,FAW
0.78,34.83,2019-09-06,Bungoma County,FAW
0.78,34.83,2019-07-26,Bungoma County,FAW
0.78,34.83,2019-07-05,Bungoma County,FAW
0.78,34.83,2019-04-12,Bungoma County,FAW
0.78,34.83,2019-09-20,Bungoma County,FAW
0.78,34.83,2019-05-03,Bungoma County,FAW
0.78,34.83,2019-03-29,Bungoma County,FAW
0.5989582,34.6210103,2019-03-27,Bungoma County,FAW
0.1411326,34.36188958,2019-08-16,Siaya County,FAW
-0.35728,37.6380867,2019-08-30,Tharaka-Nithi,FAW
-0.357405,37.6379883,2019-09-26,Tharaka-Nithi,FAW
-0.3558083,37.6364867,2019-09-12,Tharaka-Nithi,FAW
-1.1768867,36.8757767,2019-09-07,Kiambu,FAW
-1.1768867,36.8757767,2019-09-07,Kiambu,FAW
-1.1768867,36.8757767,2019-08-10,Kiambu,FAW
-0.2832381,36.0388751,2018-06-13,Nakuru,FAW
-0.2844124,36.0429543,2018-06-13,Nakuru,FAW
-1.176886,36.87577,2019-11-30,Kiambu,FAW
1.176886,36.8757767,2019-10-26,Samburu,FAW
-1.176886,36.8757767,2019-10-19,Kiambu,FAW
-0.2844124,36.0429543,2018-06-13,Nakuru,FAW
-0.2844124,36.0429543,2018-06-14,Nakuru,FAW
-0.2832381,36.0388751,2018-06-13,Nakuru,FAW
0.1099477,36.2710098,2018-10-21,Nakuru,FAW
0.1137683,36.2781799,2018-08-22,Nakuru,FAW
0.1143985,36.2789912,2018-07-29,Nakuru,FAW
0.1137006,36.2782183,2018-09-02,Nakuru,FAW
0.1144176,36.2789078,2018-07-31,Nakuru,FAW
0.1184169,36.2313166,2018-08-23,Nakuru,FAW
-0.7926621,35.470147,2018-08-10,Bomet,FAW
0.7907401,34.8690194,2018-11-07,Bungoma County,FAW
0.7816656,34.8409793,2018-11-30,Bungoma County,FAW
0.7725197,34.8148261,2018-12-14,Bungoma County,FAW
0.7725749,34.8148175,2018-11-09,Bungoma County,FAW
0.07726249,34.8147082,2018-12-14,Vihiga County,FAW
0.07726249,34.8147082,2018-12-14,Vihiga County,FAW
0.8166174,34.9971321,2018-07-03,Bungoma County,FAW
0.9087637,34.9353294,2018-07-07,Trans-Nzoia County,FAW
1.1069925,34.8222411,2018-09-21,Trans-Nzoia County,FAW
1.1152013,34.8214804,2018-12-17,Trans-Nzoia County,FAW
1.115708,34.8211358,2018-07-17,Trans-Nzoia County,FAW
1.1152013,34.8214804,2018-12-17,Trans-Nzoia County,FAW
1.1295951,34.8284382,2018-07-20,Trans-Nzoia County,FAW
1.1259261,34.843273,2018-07-02,Trans-Nzoia County,FAW
1.1259261,34.843273,2018-07-02,Trans-Nzoia County,FAW
1.1295951,34.8284382,2018-07-20,Trans-Nzoia County,FAW
-0.2852298,36.0696643,2019-02-14,Nakuru,FAW
0.7908304,34.8691025,2018-11-09,Bungoma County,FAW
0.0863611,36.2424847,2018-07-12,Nakuru,FAW
0.0863611,36.2424847,2018-07-12,Nakuru,FAW
-0.7926621,35.470147,2018-08-10,Bomet,FAW
-1.8444747,37.6343055,2019-08-14,Makueni,FAW
-1.8444747,37.6343055,2019-11-07,Makueni,FAW
-1.8444747,37.6343055,2019-09-02,Makueni,FAW
-1.8444747,37.6343055,2019-08-25,Makueni,FAW
-1.8444747,37.6343055,2019-09-23,Makueni,FAW
-0.7755987,35.4639805,2018-08-31,Bomet,FAW
-1.8041,37.747555,2019-08-23,Makueni,FAW
-1.2696168,36.8198446,2018-06-12,Nairobi County,FAW
-0.389425,37.6440333,2019-10-04,Tharaka-Nithi,FAW
-0.3866277,37.644421,2019-10-13,Tharaka-Nithi,FAW
-0.4155722,37.6656205,2019-10-04,Tharaka-Nithi,FAW
1.0951559,34.8496489,2018-06-28,Trans-Nzoia County,FAW
1.0998433,34.8623674,2018-07-13,Trans-Nzoia County,FAW
1.0951559,34.8496489,2018-06-28,Trans-Nzoia County,FAW
-1.176886,36.8757767,2019-09-28,Kiambu,FAW
-0.2852298,36.0696643,2019-02-14,Nakuru,FAW
-0.3570183,37.6382733,2019-11-09,Tharaka-Nithi,FAW
-1.1768886,36.87577767,2019-09-28,Kiambu,FAW
-1.176886,36.8757767,2019-11-23,Kiambu,FAW
-1.176886,36.86757767,2019-11-02,Kiambu,FAW
1.176886,36.8757767,2019-11-09,Samburu,FAW
-0.2756865,36.0337715,2018-06-14,Nakuru,FAW
-0.2832072,36.0387378,2018-06-16,Nakuru,FAW
0.0888399,36.2042259,2018-07-14,Nakuru,FAW
0.0888136,36.204225,2018-06-24,Nakuru,FAW
-0.0203227,36.198206,2018-10-06,Nakuru,FAW
-0.020425,36.1982418,2018-09-29,Nakuru,FAW
-0.0259973,36.198146,2018-07-25,Nakuru,FAW
-0.0259972,36.1984853,2018-11-09,Nakuru,FAW
-0.03612,36.1978068,2018-11-09,Nakuru,FAW
-0.7756941,35.463777,2018-10-19,Bomet,FAW
-0.7755341,35.4639774,2019-02-01,Bomet,FAW
-0.7756517,35.4638741,2018-12-21,Bomet,FAW
-0.7756941,35.463777,2018-10-19,Bomet,FAW
-0.7755341,35.4639774,2019-02-01,Bomet,FAW
0.781744156846282,34.8410013798762,2018-11-02,Bungoma County,FAW
-0.7656294,35.4543258,2018-08-24,Bomet,FAW
-0.7659149,35.4544855,2018-11-02,Bomet,FAW
-0.775506,35.4639503,2018-09-22,Bomet,FAW
-0.7756003,35.4639813,2018-08-31,Bomet,FAW
-0.775624,35.4639357,2018-10-12,Bomet,FAW
-0.7656294,35.4543258,2018-08-24,Bomet,FAW
-0.7659149,35.4544855,2018-11-02,Bomet,FAW
-0.7755987,35.4639805,2018-08-31,Bomet,FAW
-0.2844124,36.0429543,2018-06-18,Nakuru,FAW
-1.176886,36.8757767,2019-10-05,Kiambu,FAW
0.78,34.84,2019-01-11,Bungoma County,FAW
-0.7584509,35.4451681,2018-09-07,Bomet,FAW
-0.781192,35.4552246,2018-08-03,Bomet,FAW
-0.7533734,35.4474665,2018-07-27,Bomet,FAW
-0.8762537,35.398558,2018-07-02,Bomet,FAW
0.1141122,36.2246028,2018-11-28,Nakuru,FAW
1.1008482,34.842021,2018-07-09,Trans-Nzoia County,FAW
0.791689,35.470147,2018-09-29,Uasin Gishu County,FAW
-1.58253,37.24501,2017-03-23,Machakos County,FAW
0.77862,34.7895,2017-03-28,Bungoma County,FAW
0.81863313,34.75862115,2017-03-30,Bungoma County,FAW
0.77862,34.7895,2017-04-04,Bungoma County,FAW
-1.79007,36.0595,2017-04-04,Kajiado County,FAW
-1.49538,37.2663,2017-04-05,Machakos County,FAW
0.08633,34.234243,2017-04-07,Siaya County,FAW
0.08633,34.234243,2017-04-07,Siaya County,FAW
0.060405,34.282978,2017-04-11,Siaya County,FAW
0.7521147,34.6322457,2017-04-12,Bungoma County,FAW
0.79611,34.665526,2017-04-12,Bungoma County,FAW
0.79611,34.665526,2017-04-12,Bungoma County,FAW
0.79611,34.665526,2017-04-12,Bungoma County,FAW
0.79611,34.665526,2017-04-12,Bungoma County,FAW
0.79611,34.665526,2017-04-12,Bungoma County,FAW
0.79611,34.665526,2017-04-12,Bungoma County,FAW
0.79611,34.665526,2017-04-12,Bungoma County,FAW
0.79611,34.665526,2017-04-12,Bungoma County,FAW
0.79611,34.665526,2017-04-12,Bungoma County,FAW
0.73706324,34.68771768,2017-04-13,Bungoma County,FAW
0.904791,34.9332955,2017-04-13,Trans-Nzoia County,FAW
0.89346,34.92562,2017-04-13,Trans-Nzoia County,FAW
0.060405,34.282978,2017-04-18,Siaya County,FAW
0.77749,34.71794,2017-04-20,Bungoma County,FAW
0.77749,34.71794,2017-04-20,Bungoma County,FAW
0.89346,34.92562,2017-04-20,Trans-Nzoia County,FAW
0.08633,34.234243,2017-04-21,Siaya County,FAW
0.08633,34.234243,2017-04-21,Siaya County,FAW
0.79611,34.665526,2017-04-26,Bungoma County,FAW
0.79611,34.665526,2017-04-26,Bungoma County,FAW
0.79611,34.665526,2017-04-26,Bungoma County,FAW
0.79611,34.665526,2017-04-26,Bungoma County,FAW
0.79611,34.665526,2017-04-26,Bungoma County,FAW
0.190729,34.295948,2017-04-26,Siaya County,FAW
0.81863313,34.75862115,2017-04-27,Bungoma County,FAW
0.99297,35.00517,2017-04-29,Trans-Nzoia County,FAW
0.77862,34.7895,2017-05-02,Bungoma County,FAW
0.77862,34.7895,2017-05-02,Bungoma County,FAW
0.77749,34.71794,2017-05-02,Bungoma County,FAW
0.77749,34.71794,2017-05-02,Bungoma County,FAW
0.060405,34.282978,2017-05-02,Siaya County,FAW
-1.79007,36.0595,2017-05-04,Kajiado County,FAW
0.93371,34.7689,2017-05-04,Trans-Nzoia County,FAW
0.89346,34.92562,2017-05-04,Trans-Nzoia County,FAW
0.89346,34.92562,2017-05-04,Trans-Nzoia County,FAW
0.89346,34.92562,2017-05-04,Trans-Nzoia County,FAW
0.89346,34.92562,2017-05-04,Trans-Nzoia County,FAW
0.08633,34.234243,2017-05-05,Siaya County,FAW
-0.57318,37.32643,2017-05-08,Kirinyaga County,FAW
0.060405,34.282978,2017-05-09,Siaya County,FAW
-1.21822,36.65172,2017-05-09,Kiambu,FAW
-0.18922883,36.12451105,2017-05-10,Nakuru,FAW
-0.18922883,36.12451105,2017-05-10,Nakuru,FAW
-0.5365,37.4541,2017-05-10,Embu,FAW
-0.5365,37.4541,2017-05-10,Embu,FAW
-0.5365,37.4541,2017-05-10,Embu,FAW
-0.4435691,37.6958044,2017-05-11,Embu,FAW
-0.4435691,37.6958044,2017-05-11,Embu,FAW
-1.79007,36.0595,2017-05-11,Kajiado County,FAW
-1.79007,36.0595,2017-05-11,Kajiado County,FAW
0.9346573,35.276148,2017-05-11,Trans-Nzoia County,FAW
-0.47389,37.46408,2017-05-12,Embu,FAW
0.190729,34.295948,2017-05-12,Siaya County,FAW
0.9346573,35.276148,2017-05-12,Trans-Nzoia County,FAW
1.09703746,34.78778656,2017-05-15,Trans-Nzoia County,FAW
1.09703746,34.78778656,2017-05-15,Trans-Nzoia County,FAW
1.09703746,34.78778656,2017-05-15,Trans-Nzoia County,FAW
1.09703746,34.78778656,2017-05-15,Trans-Nzoia County,FAW
-0.176445,36.1651,2017-05-16,Nakuru,FAW
-0.41337,37.4569,2017-05-16,Embu,FAW
0.77862,34.7895,2017-05-16,Bungoma County,FAW
-0.53427365,37.05557279,2017-05-16,Nyeri,FAW
1.209044,35.13701,2017-05-16,West Pokot,FAW
-0.5365,37.4541,2017-05-17,Embu,FAW
-0.5365,37.4541,2017-05-17,Embu,FAW
-0.50537,37.72824,2017-05-17,Embu,FAW
0.89346,34.92562,2017-05-18,Trans-Nzoia County,FAW
0.89346,34.92562,2017-05-18,Trans-Nzoia County,FAW
0.08633,34.234243,2017-05-19,Siaya County,FAW
0.08633,34.234243,2017-05-19,Siaya County,FAW
-0.115301,36.2225,2017-05-22,Nyandarua,FAW
-0.15732,36.105,2017-05-23,Nakuru,FAW
0.77862,34.7895,2017-05-23,Bungoma County,FAW
0.77862,34.7895,2017-05-23,Bungoma County,FAW
-0.1703008,36.1251733,2017-05-24,Nakuru,FAW
-0.18922883,36.12451105,2017-05-24,Nakuru,FAW
-0.18922883,36.12451105,2017-05-24,Nakuru,FAW
-0.537175,37.4535483,2017-05-24,Embu,FAW
-1.28308,36.7267,2017-05-24,Nairobi County,FAW
0.79611,34.665526,2017-05-24,Bungoma County,FAW
0.79611,34.665526,2017-05-24,Bungoma County,FAW
0.9346573,35.276148,2017-05-24,Trans-Nzoia County,FAW
0.9346573,35.276148,2017-05-24,Trans-Nzoia County,FAW
-1.2202514,36.7136013,2017-05-25,Kiambu,FAW
-1.2199955,36.7133653,2017-05-25,Kiambu,FAW
-1.2200863,36.7135419,2017-05-25,Kiambu,FAW
-0.5857,37.29047,2017-05-25,Kirinyaga County,FAW
0.12731,36.26622,2017-05-25,Nakuru,FAW
-1.49538,37.2663,2017-05-29,Machakos County,FAW
-0.05862,36.2154,2017-05-29,Nakuru,FAW
0.9346573,35.276148,2017-05-29,Trans-Nzoia County,FAW
0.00295,36.2274,2017-05-30,Nakuru,FAW
0.08633,34.234243,2017-06-02,Siaya County,FAW
0.08633,34.234243,2017-06-02,Siaya County,FAW
0.08633,34.234243,2017-06-02,Siaya County,FAW
0.08633,34.234243,2017-06-02,Siaya County,FAW
-0.115301,36.2225,2017-06-05,Nyandarua,FAW
-1.3917111,36.6828133,2017-06-06,Kajiado County,FAW
-1.3917111,36.6828133,2017-06-06,Kajiado County,FAW
-1.3917111,36.6828133,2017-06-06,Kajiado County,FAW
-1.21822,36.65172,2017-06-06,Kiambu,FAW
-1.21822,36.65172,2017-06-06,Kiambu,FAW
-1.21822,36.65172,2017-06-06,Kiambu,FAW
0.7686636,34.7411424,2017-06-07,Bungoma County,FAW
0.00295,36.2274,2017-06-07,Nakuru,FAW
0.00295,36.2274,2017-06-07,Nakuru,FAW
0.00295,36.2274,2017-06-07,Nakuru,FAW
0.00295,36.2274,2017-06-07,Nakuru,FAW
-0.07661,36.16851,2017-06-07,Nakuru,FAW
-0.51128,37.47353,2017-06-08,Embu,FAW
-1.21993,36.7134,2017-06-08,Kiambu,FAW
-1.2231698,36.7064656,2017-06-08,Kiambu,FAW
-1.21993,36.7134,2017-06-08,Kiambu,FAW
-1.2232484,36.7041309,2017-06-08,Kiambu,FAW
-1.21993,36.7134,2017-06-08,Kiambu,FAW
-1.21993,36.7134,2017-06-08,Kiambu,FAW
-1.21993,36.7134,2017-06-08,Kiambu,FAW
-1.21993,36.7134,2017-06-08,Kiambu,FAW
-1.3114041,36.8118104,2017-06-08,Nairobi County,FAW
0.12731,36.26622,2017-06-08,Nakuru,FAW
0.9346573,35.276148,2017-06-08,Trans-Nzoia County,FAW
0.9346573,35.276148,2017-06-08,Trans-Nzoia County,FAW
0.9046896,34.9332743,2017-06-08,Trans-Nzoia County,FAW
0.89346,34.92562,2017-06-08,Trans-Nzoia County,FAW
0.8918026,34.9274829,2017-06-09,Trans-Nzoia County,FAW
0.8918026,34.9274829,2017-06-09,Trans-Nzoia County,FAW
0.8918026,34.9274829,2017-06-09,Trans-Nzoia County,FAW
0.8908516,34.9101658,2017-06-10,Trans-Nzoia County,FAW
0.8910238,34.9098633,2017-06-10,Trans-Nzoia County,FAW
0.8910238,34.9098633,2017-06-10,Trans-Nzoia County,FAW
0.8910238,34.9098633,2017-06-10,Trans-Nzoia County,FAW
0.8910238,34.9098633,2017-06-12,Trans-Nzoia County,FAW
-0.25034,36.11021,2017-06-13,Nakuru,FAW
-1.28308,36.7267,2017-06-13,Nairobi County,FAW
-1.2003263,36.6543959,2017-06-13,Kiambu,FAW
-1.21822,36.65172,2017-06-13,Kiambu,FAW
-1.2176383,36.6518424,2017-06-13,Kiambu,FAW
-1.2176383,36.6518424,2017-06-13,Kiambu,FAW
-0.15368374,36.14513992,2017-06-14,Nakuru,FAW
0.9346573,35.276148,2017-06-15,Trans-Nzoia County,FAW
1.0075976,35.0014655,2017-06-15,Trans-Nzoia County,FAW
1.2644533,35.130475,2017-06-15,West Pokot,FAW
-0.2159,36.1648,2017-06-20,Nakuru,FAW
-1.3918697,36.6828976,2017-06-20,Kajiado County,FAW
1.2644533,35.130475,2017-06-20,West Pokot,FAW
1.2644533,35.130475,2017-06-20,West Pokot,FAW
1.20277813,35.10882195,2017-06-20,West Pokot,FAW
-0.18922883,36.12451105,2017-06-21,Nakuru,FAW
-1.28308,36.7267,2017-06-21,Nairobi County,FAW
-0.2159,36.1648,2017-06-21,Nakuru,FAW
-1.28308,36.7267,2017-06-21,Nairobi County,FAW
-1.49538,37.2663,2017-06-21,Machakos County,FAW
-1.49538,37.2663,2017-06-21,Machakos County,FAW
1.209044,35.13701,2017-06-21,West Pokot,FAW
-1.21993,36.7134,2017-06-22,Kiambu,FAW
-1.21993,36.7134,2017-06-22,Kiambu,FAW
-0.6789786,37.3548904,2017-06-23,Kirinyaga County,FAW
0.89346,34.92562,2017-06-23,Trans-Nzoia County,FAW
0.89346,34.92562,2017-06-23,Trans-Nzoia County,FAW
1.1312688,35.1028248,2017-06-27,Trans-Nzoia County,FAW
-0.15368374,36.14513992,2017-06-28,Nakuru,FAW
-0.035813,36.198263,2017-06-28,Nakuru,FAW
-0.035813,36.198263,2017-06-28,Nakuru,FAW
-0.115301,36.2225,2017-06-29,Nyandarua,FAW
1.02563,35.27245,2017-06-29,Trans-Nzoia County,FAW
0.9346573,35.276148,2017-06-29,Trans-Nzoia County,FAW
-1.28308,36.7267,2017-06-30,Nairobi County,FAW
-0.07661,36.16851,2017-07-05,Nakuru,FAW
-1.344176,36.64176,2017-07-10,Kajiado County,FAW
1.09703746,34.78778656,2017-07-10,Trans-Nzoia County,FAW
-0.25034,36.11021,2017-07-11,Nakuru,FAW
-0.5450711,37.08178083,2017-07-11,Nyeri,FAW
1.1289586,35.1037223,2017-07-11,Trans-Nzoia County,FAW
-0.1473398,36.1489896,2017-07-12,Nakuru,FAW
-0.18922883,36.12451105,2017-07-12,Nakuru,FAW
-0.082103,36.180612,2017-07-12,Nakuru,FAW
-0.082103,36.180612,2017-07-12,Nakuru,FAW
-0.115301,36.2225,2017-07-12,Nyandarua,FAW
-1.2200213,36.7133191,2017-07-13,Kiambu,FAW
0.77749,34.71794,2017-07-13,Bungoma County,FAW
-0.1473063,36.1489394,2017-07-13,Nakuru,FAW
-0.104757957,36.16258509,2017-07-13,Nakuru,FAW
0.9346573,35.276148,2017-07-17,Trans-Nzoia County,FAW
0.9346573,35.276148,2017-07-17,Trans-Nzoia County,FAW
1.2786379,35.0912238,2017-07-18,West Pokot,FAW
-1.408468098,37.48089637,2017-07-18,Machakos County,FAW
-2.9300924,37.5034388,2017-07-18,Kajiado County,FAW
0.8923321,34.9129882,2017-07-26,Trans-Nzoia County,FAW
-0.1473398,36.1489896,2017-07-26,Nakuru,FAW
-0.18922883,36.12451105,2017-07-26,Nakuru,FAW
-0.2084878,36.1034379,2017-07-26,Nakuru,FAW
0.79611,34.665526,2017-07-26,Bungoma County,FAW
0.79611,34.665526,2017-07-26,Bungoma County,FAW
-0.082103,36.180612,2017-07-26,Nakuru,FAW
-0.035813,36.198263,2017-07-26,Nakuru,FAW
0.9690326,35.05194832,2017-07-26,Trans-Nzoia County,FAW
0.0911206,36.2492409,2017-07-27,Nakuru,FAW
-1.3607422,36.6554504,2017-08-01,Kajiado County,FAW
-0.07661,36.16851,2017-08-02,Nakuru,FAW
-0.104757957,36.16258509,2017-08-10,Nakuru,FAW
0.0988224,36.2310111,2017-08-14,Nakuru,FAW
-0.0380026,36.222013,2017-08-15,Nakuru,FAW
-0.41188,37.68892,2017-08-17,Tharaka-Nithi,FAW
-0.50537,37.72824,2017-08-18,Embu,FAW
-0.50537,37.72824,2017-08-18,Embu,FAW
-0.05862,36.2154,2017-08-19,Nakuru,FAW
-0.2312116,36.1170232,2017-08-22,Nakuru,FAW
0.12731,36.26622,2017-08-24,Nakuru,FAW
-1.28308,36.7267,2017-08-29,Nairobi County,FAW
-0.5450711,37.08178083,2017-08-29,Nyeri,FAW
-0.5365,37.4541,2017-08-30,Embu,FAW
-0.5365,37.4541,2017-08-30,Embu,FAW
-0.5343433,37.4523329,2017-08-31,Embu,FAW
0.77862,34.7895,2017-09-05,Bungoma County,FAW
-0.082103,36.180612,2017-09-05,Nakuru,FAW
-0.426134,37.47909,2017-09-07,Embu,FAW
-0.426134,37.47909,2017-09-07,Embu,FAW
-0.57318,37.32643,2017-09-07,Kirinyaga County,FAW
-0.52697,37.01729,2017-09-07,Nyeri,FAW
-0.581825,37.0520633333333,2017-09-07,Nyeri,FAW
-1.28124,36.61225,2017-09-11,Kiambu,FAW
-0.5589,37.075,2017-09-11,Nyeri,FAW
-0.5589,37.075,2017-09-11,Nyeri,FAW
-0.50537,37.72824,2017-09-13,Embu,FAW
-0.577144,37.03649,2017-09-14,Nyeri,FAW
-0.47389,37.46408,2017-09-15,Embu,FAW
-0.5589,37.075,2017-09-19,Nyeri,FAW
-0.56745,36.997,2017-09-21,Nyeri,FAW
-0.52697,37.01729,2017-09-21,Nyeri,FAW
-0.082103,36.180612,2017-09-21,Nakuru,FAW
0.085513,34.2465014,2017-09-22,Siaya County,FAW
-0.5589,37.075,2017-09-25,Nyeri,FAW
0.77862,34.7895,2017-09-26,Bungoma County,FAW
-0.55989,37.052,2017-09-27,Nyeri,FAW
-0.63085,37.112393,2017-09-28,Nyeri,FAW
-2.998274871,37.62601476,2017-09-28,Kajiado County,FAW
-2.998274871,37.62601476,2017-09-28,Kajiado County,FAW
-1.79007,36.0595,2017-09-28,Kajiado County,FAW
-0.41188,37.68892,2017-09-28,Tharaka-Nithi,FAW
-0.47389,37.46408,2017-09-29,Embu,FAW
-0.56745,36.997,2017-10-02,Nyeri,FAW
-0.56745,36.997,2017-10-02,Nyeri,FAW
0.77862,34.7895,2017-10-04,Bungoma County,FAW
-0.5589,37.075,2017-10-09,Nyeri,FAW
-0.63085,37.112393,2017-10-12,Nyeri,FAW
-0.52697,37.01729,2017-10-12,Nyeri,FAW
-0.318592,37.65946,2017-10-20,Tharaka-Nithi,FAW
-0.56745,36.997,2017-10-23,Nyeri,FAW
-0.5589,37.075,2017-10-23,Nyeri,FAW
-0.56745,36.997,2017-10-23,Nyeri,FAW
-0.63085,37.112393,2017-10-26,Nyeri,FAW
-0.442,37.4368,2017-10-27,Embu,FAW
0.89346,34.92562,2017-10-29,Trans-Nzoia County,FAW
-0.62385,37.298427,2017-10-30,Kirinyaga County,FAW
-1.4706062,37.2979112,2017-11-02,Machakos County,FAW
-0.335613,37.82998,2017-11-06,Tharaka-Nithi,FAW
-0.56745,36.997,2017-11-06,Nyeri,FAW
-0.6675702,37.2896832,2017-11-06,Kirinyaga County,FAW
-1.520054,37.27124,2017-11-07,Machakos County,FAW
-0.5358757,37.4536414,2017-11-08,Embu,FAW
-0.55989,37.052,2017-11-08,Nyeri,FAW
-0.55989,37.052,2017-11-08,Nyeri,FAW
-0.318592,37.65946,2017-11-09,Tharaka-Nithi,FAW
-0.318592,37.65946,2017-11-09,Tharaka-Nithi,FAW
-0.318592,37.65946,2017-11-09,Tharaka-Nithi,FAW
-0.318592,37.65946,2017-11-09,Tharaka-Nithi,FAW
-1.21993,36.7134,2017-11-09,Kiambu,FAW
-1.21993,36.7134,2017-11-09,Kiambu,FAW
-0.52697,37.01729,2017-11-09,Nyeri,FAW
-2.998274871,37.62601476,2017-11-09,Kajiado County,FAW
-0.335613,37.82998,2017-11-10,Tharaka-Nithi,FAW
-0.51003,37.52088,2017-11-13,Embu,FAW
-1.28124,36.61225,2017-11-13,Kiambu,FAW
-0.50537,37.72824,2017-11-13,Embu,FAW
-1.28308,36.7267,2017-11-14,Nairobi County,FAW
-1.28308,36.7267,2017-11-14,Nairobi County,FAW
-1.21822,36.65172,2017-11-14,Kiambu,FAW
-1.28308,36.7267,2017-11-14,Nairobi County,FAW
-0.5582344,37.0570091,2017-11-14,Nyeri,FAW
-1.32801,37.44187,2017-11-14,Machakos County,FAW
-0.51128,37.47353,2017-11-15,Embu,FAW
-0.5121117,37.4599694,2017-11-15,Embu,FAW
-1.28308,36.7267,2017-11-15,Nairobi County,FAW
-1.28308,36.7267,2017-11-15,Nairobi County,FAW
-1.28308,36.7267,2017-11-15,Nairobi County,FAW
-0.5255714,37.4526322,2017-11-16,Embu,FAW
-0.6511987,37.1207202,2017-11-16,Murang'a County,FAW
-0.6511987,37.1207202,2017-11-16,Murang'a County,FAW
-0.63085,37.112393,2017-11-16,Nyeri,FAW
-0.63085,37.112393,2017-11-16,Nyeri,FAW
-0.5527545,37.405589,2017-11-16,Kirinyaga County,FAW
-0.5527545,37.405589,2017-11-16,Kirinyaga County,FAW
-0.63085,37.112393,2017-11-16,Nyeri,FAW
-0.63085,37.112393,2017-11-16,Nyeri,FAW
-0.354264243,37.66641602,2017-11-17,Tharaka-Nithi,FAW
-0.354264243,37.66641602,2017-11-17,Tharaka-Nithi,FAW
-0.354264243,37.66641602,2017-11-17,Tharaka-Nithi,FAW
-1.389321394,36.68351559,2017-11-17,Kajiado County,FAW
-1.27974379,36.64480705,2017-11-17,Kiambu,FAW
-1.21822,36.65172,2017-11-17,Kiambu,FAW
-1.4047617,37.3327941,2017-11-17,Machakos County,FAW
-1.4391589,37.2440674,2017-11-19,Machakos County,FAW
-0.5765248,37.4329204,2017-11-20,Kirinyaga County,FAW
-0.5085956,37.4583019,2017-11-20,Embu,FAW
-0.34158,37.62088,2017-11-21,Tharaka-Nithi,FAW
-0.51003,37.52088,2017-11-21,Embu,FAW
-0.34158,37.62088,2017-11-21,Tharaka-Nithi,FAW
-1.28308,36.7267,2017-11-21,Nairobi County,FAW
-1.21822,36.65172,2017-11-21,Kiambu,FAW
-1.21822,36.65172,2017-11-21,Kiambu,FAW
-0.318592,37.65946,2017-11-22,Tharaka-Nithi,FAW
-0.318592,37.65946,2017-11-22,Tharaka-Nithi,FAW
-0.5366833,37.4531908,2017-11-22,Embu,FAW
-0.5360947,37.4533535,2017-11-22,Embu,FAW
-0.5361004,37.4531233,2017-11-22,Embu,FAW
-0.5121445,37.4600246,2017-11-22,Embu,FAW
-1.28308,36.7267,2017-11-22,Nairobi County,FAW
-1.28308,36.7267,2017-11-22,Nairobi County,FAW
-1.2350989,37.4596359,2017-11-22,Machakos County,FAW
-0.50537,37.72824,2017-11-22,Embu,FAW
-0.50537,37.72824,2017-11-22,Embu,FAW
-1.28308,36.7267,2017-11-22,Nairobi County,FAW
-0.50537,37.72824,2017-11-22,Embu,FAW
-0.3977889,37.5912438,2017-11-23,Embu,FAW
-0.381526441,37.83991685,2017-11-23,Tharaka-Nithi,FAW
-0.3977889,37.5912438,2017-11-23,Embu,FAW
-1.21993,36.7134,2017-11-23,Kiambu,FAW
-1.2197133,36.7129631,2017-11-23,Kiambu,FAW
-0.5313925,37.4523423,2017-11-24,Embu,FAW
-1.58253,37.24501,2017-11-24,Machakos County,FAW
-1.58253,37.24501,2017-11-24,Machakos County,FAW
-1.49538,37.2663,2017-11-24,Machakos County,FAW
-1.5344537,37.1616338,2017-11-24,Machakos County,FAW
-0.5293168,37.4528353,2017-11-24,Embu,FAW
-1.3517225,36.6537498,2017-11-27,Kajiado County,FAW
-0.5589,37.075,2017-11-27,Nyeri,FAW
-0.5589,37.075,2017-11-27,Nyeri,FAW
-0.5589,37.075,2017-11-27,Nyeri,FAW
-0.5589,37.075,2017-11-27,Nyeri,FAW
-0.5589,37.075,2017-11-27,Nyeri,FAW
-0.5589,37.075,2017-11-27,Nyeri,FAW
-0.5589,37.075,2017-11-27,Nyeri,FAW
-0.5589,37.075,2017-11-27,Nyeri,FAW
-0.5253498,37.079185,2017-11-28,Nyeri,FAW
-0.5365,37.4541,2017-11-29,Embu,FAW
-0.5365,37.4541,2017-11-29,Embu,FAW
-0.51128,37.47353,2017-11-29,Embu,FAW
-0.5561952,37.0547849,2017-11-29,Nyeri,FAW
-0.5258723,37.077548,2017-11-29,Nyeri,FAW
-0.397792,37.5912126,2017-11-30,Embu,FAW
-0.4478335,37.479993,2017-11-30,Embu,FAW
-0.577144,37.03649,2017-11-30,Nyeri,FAW
-0.6511987,37.1207202,2017-11-30,Murang'a County,FAW
-0.62768,37.10609,2017-11-30,Nyeri,FAW
-1.5822858,37.2451347,2017-11-30,Machakos County,FAW
-1.5822858,37.245135,2017-11-30,Machakos County,FAW
-1.582342,37.2451386,2017-11-30,Machakos County,FAW
-1.5822858,37.245135,2017-11-30,Machakos County,FAW
-1.58253,37.24501,2017-11-30,Machakos County,FAW
-1.58253,37.24501,2017-11-30,Machakos County,FAW
-0.63085,37.112393,2017-11-30,Nyeri,FAW
-0.63085,37.112393,2017-11-30,Nyeri,FAW
-0.63085,37.112393,2017-11-30,Nyeri,FAW
-0.63085,37.112393,2017-11-30,Nyeri,FAW
-0.63085,37.112393,2017-11-30,Nyeri,FAW
-0.577144,37.03649,2017-11-30,Nyeri,FAW
-0.63085,37.112393,2017-11-30,Nyeri,FAW
-0.3970853,37.5915767,2017-12-01,Embu,FAW
-0.354264243,37.66641602,2017-12-01,Tharaka-Nithi,FAW
-0.354264243,37.66641602,2017-12-01,Tharaka-Nithi,FAW
-0.5589,37.075,2017-12-02,Nyeri,FAW
-0.5589,37.075,2017-12-04,Nyeri,FAW
-0.335613,37.82998,2017-12-05,Tharaka-Nithi,FAW
-0.335613,37.82998,2017-12-05,Tharaka-Nithi,FAW
-1.49538,37.2663,2017-12-05,Machakos County,FAW
-1.49538,37.2663,2017-12-05,Machakos County,FAW
-0.5365,37.4541,2017-12-06,Embu,FAW
-0.5365,37.4541,2017-12-06,Embu,FAW
-0.5365,37.4541,2017-12-06,Embu,FAW
-1.23515,37.47248,2017-12-06,Machakos County,FAW
-1.23515,37.47248,2017-12-06,Machakos County,FAW
-1.23515,37.47248,2017-12-06,Machakos County,FAW
-1.23515,37.47248,2017-12-06,Machakos County,FAW
-1.23515,37.47248,2017-12-06,Machakos County,FAW
-1.23515,37.47248,2017-12-06,Machakos County,FAW
-1.23515,37.47248,2017-12-06,Machakos County,FAW
-1.21993,36.7134,2017-12-07,Kiambu,FAW
-1.21993,36.7134,2017-12-07,Kiambu,FAW
-0.6272506,37.0305143,2017-12-07,Murang'a County,FAW
-0.6272506,37.0305143,2017-12-07,Murang'a County,FAW
-0.577144,37.03649,2017-12-07,Nyeri,FAW
-1.3774947,37.2547153,2017-12-08,Machakos County,FAW
-1.37581284,37.25048533,2017-12-08,Machakos County,FAW
-0.47389,37.46408,2017-12-08,Embu,FAW
-0.68136,37.35478,2017-12-08,Kirinyaga County,FAW
-0.381526441,37.83991685,2017-12-09,Tharaka-Nithi,FAW
-1.344176,36.64176,2017-12-11,Kajiado County,FAW
-0.56745,36.997,2017-12-11,Nyeri,FAW
-1.5823417,37.2451385,2017-12-11,Machakos County,FAW
-1.5823423,37.2451385,2017-12-11,Machakos County,FAW
-0.5365,37.4541,2017-12-13,Embu,FAW
-0.5365,37.4541,2017-12-13,Embu,FAW
-1.20149598,36.72548724,2017-12-13,Kiambu,FAW
-1.28308,36.7267,2017-12-13,Nairobi County,FAW
-1.28308,36.7267,2017-12-13,Nairobi County,FAW
-1.58253,37.24501,2017-12-13,Machakos County,FAW
-1.58253,37.24501,2017-12-13,Machakos County,FAW
-1.58253,37.24501,2017-12-13,Machakos County,FAW
-1.58253,37.24501,2017-12-13,Machakos County,FAW
-0.426134,37.47909,2017-12-14,Embu,FAW
-1.21993,36.7134,2017-12-14,Kiambu,FAW
-1.21993,36.7134,2017-12-14,Kiambu,FAW
-1.21993,36.7134,2017-12-14,Kiambu,FAW
-1.28308,36.7267,2017-12-14,Nairobi County,FAW
-0.63085,37.112393,2017-12-14,Nyeri,FAW
-0.63085,37.112393,2017-12-14,Nyeri,FAW
-0.63085,37.112393,2017-12-14,Nyeri,FAW
-0.63085,37.112393,2017-12-14,Nyeri,FAW
-0.63085,37.112393,2017-12-14,Nyeri,FAW
-0.63085,37.112393,2017-12-14,Nyeri,FAW
-0.52697,37.01729,2017-12-14,Nyeri,FAW
-1.27974379,36.64480705,2017-12-15,Kiambu,FAW
-1.27974379,36.64480705,2017-12-15,Kiambu,FAW
-1.21822,36.65172,2017-12-15,Kiambu,FAW
-1.21822,36.65172,2017-12-15,Kiambu,FAW
-0.51003,37.52088,2017-12-18,Embu,FAW
-1.28124,36.61225,2017-12-18,Kiambu,FAW
-1.28124,36.61225,2017-12-18,Kiambu,FAW
-1.3868616,36.679711,2017-12-19,Kajiado County,FAW
-0.5365,37.4541,2017-12-20,Embu,FAW
-1.58253,37.24501,2017-12-20,Machakos County,FAW
-1.58253,37.24501,2017-12-20,Machakos County,FAW
-1.58253,37.24501,2017-12-20,Machakos County,FAW
-1.58253,37.24501,2017-12-20,Machakos County,FAW
-0.577144,37.03649,2017-12-21,Nyeri,FAW
-0.577144,37.03649,2017-12-21,Nyeri,FAW
-0.55989,37.052,2017-12-27,Nyeri,FAW
-1.520054,37.27124,2017-12-28,Machakos County,FAW
-1.520054,37.27124,2017-12-28,Machakos County,FAW
-0.5857,37.29047,2017-12-28,Kirinyaga County,FAW
-0.442,37.4368,2017-12-29,Embu,FAW
-1.21822,36.65172,2017-12-29,Kiambu,FAW
-0.50537,37.72824,2017-12-29,Embu,FAW
-0.4487697,37.4149686,2017-12-30,Kirinyaga County,FAW
-1.3614264,36.6564475,2018-01-02,Kajiado County,FAW
-1.3607448,36.6554906,2018-01-02,Kajiado County,FAW
-0.57658598,37.43290221,2018-01-05,Kirinyaga County,FAW
-0.56745,36.997,2018-01-08,Nyeri,FAW
-1.520054,37.27124,2018-01-10,Machakos County,FAW
-4.3741836,39.4235019,2018-01-10,Kwale,FAW
-1.2820029,36.6454671,2018-01-19,Kiambu,FAW
-0.5589,37.075,2018-01-22,Nyeri,FAW
-0.5589,37.075,2018-01-22,Nyeri,FAW
-1.2916052,36.6095289,2018-01-22,Kiambu,FAW
-0.56745,36.997,2018-01-22,Nyeri,FAW
-1.21822,36.65172,2018-01-23,Kiambu,FAW
-1.21822,36.65172,2018-01-23,Kiambu,FAW
-1.2431016,36.6628923,2018-01-24,Kiambu,FAW
-0.63085,37.112393,2018-01-25,Nyeri,FAW
-0.52697,37.01729,2018-01-25,Nyeri,FAW
-0.63085,37.112393,2018-01-25,Nyeri,FAW
-0.2658143,36.1867264,2018-01-26,Nakuru,FAW
-0.5589,37.075,2018-01-29,Nyeri,FAW
-0.5589,37.075,2018-01-29,Nyeri,FAW
-0.53427365,37.05557279,2018-01-31,Nyeri,FAW
-1.58253,37.24501,2018-01-31,Machakos County,FAW
-1.520054,37.27124,2018-01-31,Machakos County,FAW
-1.520054,37.27124,2018-01-31,Machakos County,FAW
-1.520054,37.27124,2018-01-31,Machakos County,FAW
-1.2702858,36.6089848,2018-02-05,Kiambu,FAW
-0.56745,36.997,2018-02-05,Nyeri,FAW
-0.56745,36.997,2018-02-05,Nyeri,FAW
-0.5589,37.075,2018-02-05,Nyeri,FAW
-0.5589,37.075,2018-02-05,Nyeri,FAW
-0.5589,37.075,2018-02-05,Nyeri,FAW
-0.46959,37.5062,2018-02-06,Embu,FAW
-0.63085,37.112393,2018-02-08,Nyeri,FAW
-0.63085,37.112393,2018-02-08,Nyeri,FAW
-2.929898,37.5033104,2018-02-08,Kajiado County,FAW
-0.55989,37.052,2018-02-13,Nyeri,FAW
-0.5365,37.4541,2018-02-14,Embu,FAW
-0.5365,37.4541,2018-02-14,Embu,FAW
-0.5112476,37.4736128,2018-02-14,Embu,FAW
-1.28308,36.7267,2018-02-14,Nairobi County,FAW
-0.55989,37.052,2018-02-14,Nyeri,FAW
-0.55989,37.052,2018-02-14,Nyeri,FAW
-0.55989,37.052,2018-02-14,Nyeri,FAW
-0.2015921,34.8190985,2018-02-15,Kisumu County,FAW
-1.21822,36.65172,2018-02-16,Kiambu,FAW
-0.5589,37.075,2018-02-19,Nyeri,FAW
-0.5365,37.4541,2018-02-21,Embu,FAW
-0.6837526,37.3598504,2018-02-22,Kirinyaga County,FAW
-0.6837526,37.3598504,2018-02-22,Kirinyaga County,FAW
-0.6596672,37.1149668,2018-02-22,Murang'a County,FAW
-1.58253,37.24501,2018-02-22,Machakos County,FAW
-0.63085,37.112393,2018-02-22,Nyeri,FAW
-0.62768,37.10609,2018-02-22,Nyeri,FAW
-0.47389,37.46408,2018-02-23,Embu,FAW
0.77749,34.71794,2018-02-23,Bungoma County,FAW
-0.62385,37.298427,2018-02-26,Kirinyaga County,FAW
-0.55989,37.052,2018-02-27,Nyeri,FAW
-1.5889267,37.2413504,2018-02-27,Machakos County,FAW
-1.58253,37.24501,2018-02-27,Machakos County,FAW
-0.5365,37.4541,2018-02-28,Embu,FAW
-0.55989,37.052,2018-02-28,Nyeri,FAW
-0.55989,37.052,2018-02-28,Nyeri,FAW
0.00295,36.2274,2018-02-28,Nakuru,FAW
0.00295,36.2274,2018-02-28,Nakuru,FAW
-1.28124,36.61225,2018-03-05,Kiambu,FAW
-0.5589,37.075,2018-03-05,Nyeri,FAW
-0.5589,37.075,2018-03-05,Nyeri,FAW
-0.5589,37.075,2018-03-05,Nyeri,FAW
-0.5589,37.075,2018-03-05,Nyeri,FAW
-1.49538,37.2663,2018-03-07,Machakos County,FAW
-0.5857,37.29047,2018-03-08,Kirinyaga County,FAW
-0.50537,37.72824,2018-03-08,Embu,FAW
-0.354264243,37.66641602,2018-03-16,Tharaka-Nithi,FAW
-0.6724022,37.3585146,2018-03-16,Kirinyaga County,FAW
0.1359984,34.0804772,2018-03-20,Busia County,FAW
-0.3973193,37.5915767,2018-03-20,Embu,FAW
-0.354264243,37.66641602,2018-03-20,Tharaka-Nithi,FAW
-0.397128,37.5917851,2018-03-20,Embu,FAW
-0.5365,37.4541,2018-03-21,Embu,FAW
-0.577144,37.03649,2018-03-22,Nyeri,FAW
-0.63085,37.112393,2018-03-22,Nyeri,FAW
-0.63085,37.112393,2018-03-22,Nyeri,FAW
-1.49538,37.2663,2018-03-23,Machakos County,FAW
-0.53427365,37.05557279,2018-03-23,Nyeri,FAW
-1.49538,37.2663,2018-03-23,Machakos County,FAW
-0.46959,37.5062,2018-03-27,Embu,FAW
-0.6879248,37.4914015,2018-03-28,Embu,FAW
-0.51128,37.47353,2018-03-28,Embu,FAW
-0.53427365,37.05557279,2018-03-28,Nyeri,FAW
-0.55989,37.052,2018-03-28,Nyeri,FAW
-0.55989,37.052,2018-03-28,Nyeri,FAW
-0.1547748,34.8391333,2018-03-28,Kisumu County,FAW
-0.381526441,37.83991685,2018-03-29,Tharaka-Nithi,FAW
-0.63085,37.112393,2018-03-29,Nyeri,FAW
-1.4125,37.33193,2018-04-03,Machakos County,FAW
-1.372557,37.3474926,2018-04-03,Machakos County,FAW
-1.23515,37.47248,2018-04-04,Machakos County,FAW
-0.57318,37.32643,2018-04-05,Kirinyaga County,FAW
-0.577144,37.03649,2018-04-05,Nyeri,FAW
0.08633,34.234243,2018-04-06,Siaya County,FAW
-0.47389,37.46408,2018-04-06,Embu,FAW
-0.4791417,37.4696401,2018-04-06,Embu,FAW
-0.52936,37.4525658,2018-04-06,Embu,FAW
-0.5295256,37.4528384,2018-04-09,Embu,FAW
-0.56745,36.997,2018-04-09,Nyeri,FAW
-0.51003,37.52088,2018-04-10,Embu,FAW
-0.335613,37.82998,2018-04-11,Tharaka-Nithi,FAW
-0.5365,37.4541,2018-04-11,Embu,FAW
-0.51128,37.47353,2018-04-11,Embu,FAW
-0.5365,37.4541,2018-04-11,Embu,FAW
-0.5365,37.4541,2018-04-11,Embu,FAW
-1.49538,37.2663,2018-04-11,Machakos County,FAW
-1.49538,37.2663,2018-04-11,Machakos County,FAW
-1.49538,37.2663,2018-04-11,Machakos County,FAW
-1.49538,37.2663,2018-04-11,Machakos County,FAW
-1.49538,37.2663,2018-04-11,Machakos County,FAW
-1.49538,37.2663,2018-04-11,Machakos County,FAW
-1.49538,37.2663,2018-04-11,Machakos County,FAW
-1.28308,36.7267,2018-04-11,Nairobi County,FAW
-1.2201775,36.7132819,2018-04-12,Kiambu,FAW
-0.62768,37.10609,2018-04-12,Nyeri,FAW
-0.63085,37.112393,2018-04-12,Nyeri,FAW
-0.5857,37.29047,2018-04-12,Kirinyaga County,FAW
-0.335613,37.82998,2018-04-13,Tharaka-Nithi,FAW
-0.354264243,37.66641602,2018-04-13,Tharaka-Nithi,FAW
-0.354264243,37.66641602,2018-04-13,Tharaka-Nithi,FAW
-0.354264243,37.66641602,2018-04-13,Tharaka-Nithi,FAW
-0.354264243,37.66641602,2018-04-13,Tharaka-Nithi,FAW
-0.354264243,37.66641602,2018-04-13,Tharaka-Nithi,FAW
-1.58253,37.24501,2018-04-13,Machakos County,FAW
-1.58253,37.24501,2018-04-13,Machakos County,FAW
-1.58253,37.24501,2018-04-13,Machakos County,FAW
0.00295,36.2274,2018-04-15,Nakuru,FAW
1.2644533,35.130475,2018-04-13,West Pokot,FAW
-0.51003,37.52088,2018-04-16,Embu,FAW
-0.5465446,37.4492968,2018-04-16,Kirinyaga County,FAW
-0.51003,37.52088,2018-04-16,Embu,FAW
-0.51003,37.52088,2018-04-16,Embu,FAW
-0.5589,37.075,2018-04-17,Nyeri,FAW
1.2634249,35.1263623,2018-04-17,West Pokot,FAW
-0.25034,36.11021,2018-04-18,Nakuru,FAW
-0.5365,37.4541,2018-04-18,Embu,FAW
-0.5360307,37.4529078,2018-04-18,Embu,FAW
-0.5165597,37.4629708,2018-04-18,Embu,FAW
0.81863313,34.75862115,2018-04-18,Bungoma County,FAW
0.81863313,34.75862115,2018-04-18,Bungoma County,FAW
0.81863313,34.75862115,2018-04-18,Bungoma County,FAW
-1.520054,37.27124,2018-04-18,Machakos County,FAW
-1.520054,37.27124,2018-04-18,Machakos County,FAW
-1.520054,37.27124,2018-04-18,Machakos County,FAW
-1.520054,37.27124,2018-04-18,Machakos County,FAW
-1.520054,37.27124,2018-04-18,Machakos County,FAW
-1.520054,37.27124,2018-04-18,Machakos County,FAW
-0.5365,37.4541,2018-04-18,Embu,FAW
-0.5360774,37.4532949,2018-04-18,Embu,FAW
-1.520054,37.27124,2018-04-18,Machakos County,FAW
-0.605488,37.46312,2018-04-19,Kirinyaga County,FAW
-0.577144,37.03649,2018-04-19,Nyeri,FAW
-1.2819791,36.6450282,2018-04-20,Kiambu,FAW
0.839108,34.9896393,2018-04-21,Bungoma County,FAW
-1.28124,36.61225,2018-04-23,Kiambu,FAW
-0.5589,37.075,2018-04-23,Nyeri,FAW
-0.082103,36.180612,2018-04-23,Nakuru,FAW
-1.21822,36.65172,2018-04-24,Kiambu,FAW
-0.46959,37.5062,2018-04-24,Embu,FAW
-0.55989,37.052,2018-04-24,Nyeri,FAW
-0.5365,37.4541,2018-04-25,Embu,FAW
-0.5365,37.4541,2018-04-25,Embu,FAW
-0.5365,37.4541,2018-04-25,Embu,FAW
-0.5365,37.4541,2018-04-25,Embu,FAW
-0.6912151,37.4880841,2018-04-25,Embu,FAW
-0.6912151,37.4880841,2018-04-25,Embu,FAW
0.77076,34.75954,2018-04-25,Bungoma County,FAW
-1.28308,36.7267,2018-04-25,Nairobi County,FAW
-1.28308,36.7267,2018-04-25,Nairobi County,FAW
-0.55989,37.052,2018-04-25,Nyeri,FAW
-1.49538,37.2663,2018-04-25,Machakos County,FAW
-1.49538,37.2663,2018-04-25,Machakos County,FAW
-1.49538,37.2663,2018-04-25,Machakos County,FAW
-1.21993,36.7134,2018-04-26,Kiambu,FAW
-1.21993,36.7134,2018-04-26,Kiambu,FAW
-1.21993,36.7134,2018-04-26,Kiambu,FAW
-0.62768,37.10609,2018-04-26,Nyeri,FAW
-1.58253,37.24501,2018-04-26,Machakos County,FAW
-1.58253,37.24501,2018-04-26,Machakos County,FAW
-1.58253,37.24501,2018-04-26,Machakos County,FAW
-1.58253,37.24501,2018-04-26,Machakos County,FAW
-0.5857,37.29047,2018-04-26,Kirinyaga County,FAW
-0.5857,37.29047,2018-04-26,Kirinyaga County,FAW
-2.998274871,37.62601476,2018-04-26,Kajiado County,FAW
-2.998274871,37.62601476,2018-04-26,Kajiado County,FAW
-2.9314095,37.5033104,2018-04-26,Kajiado County,FAW
0.9346573,35.276148,2018-04-26,Trans-Nzoia County,FAW
0.9346573,35.276148,2018-04-26,Trans-Nzoia County,FAW
-0.5025,37.4556339,2018-04-27,Embu,FAW
-0.5589,37.075,2018-04-30,Nyeri,FAW
-0.05862,36.2154,2018-04-30,Nakuru,FAW
-0.50537,37.72824,2018-04-30,Embu,FAW
-0.418800298,37.50348991,2018-05-01,Embu,FAW
-0.25462,36.23458,2018-05-02,Nakuru,FAW
-0.5365,37.4541,2018-05-02,Embu,FAW
-0.5365,37.4541,2018-05-02,Embu,FAW
0.77076,34.75954,2018-05-02,Bungoma County,FAW
0.77076,34.75954,2018-05-02,Bungoma County,FAW
-0.25034,36.11021,2018-05-03,Nakuru,FAW
-0.25034,36.11021,2018-05-03,Nakuru,FAW
-0.25034,36.11021,2018-05-03,Nakuru,FAW
-0.426134,37.47909,2018-05-03,Embu,FAW
0.77749,34.71794,2018-05-03,Bungoma County,FAW
0.77749,34.71794,2018-05-03,Bungoma County,FAW
0.77749,34.71794,2018-05-03,Bungoma County,FAW
0.9346573,35.276148,2018-05-03,Trans-Nzoia County,FAW
0.9346573,35.276148,2018-05-03,Trans-Nzoia County,FAW
0.0814029,34.2506692,2018-05-04,Siaya County,FAW
-0.354264243,37.66641602,2018-05-04,Tharaka-Nithi,FAW
-1.344176,36.64176,2018-05-07,Kajiado County,FAW
-0.62385,37.298427,2018-05-07,Kirinyaga County,FAW
-0.62385,37.298427,2018-05-07,Kirinyaga County,FAW
-0.115301,36.2225,2018-05-07,Nyandarua,FAW
-0.115301,36.2225,2018-05-07,Nyandarua,FAW
-0.46959,37.5062,2018-05-08,Embu,FAW
-1.21993,36.7134,2018-05-08,Kiambu,FAW
1.2644533,35.130475,2018-05-08,West Pokot,FAW
1.2644533,35.130475,2018-05-08,West Pokot,FAW
1.20277813,35.10882195,2018-05-08,West Pokot,FAW
1.20277813,35.10882195,2018-05-08,West Pokot,FAW
-0.275,36.1748,2018-05-09,Nakuru,FAW
-1.21822,36.65172,2018-05-08,Kiambu,FAW
-0.335613,37.82998,2018-05-09,Tharaka-Nithi,FAW
-0.5365,37.4541,2018-05-09,Embu,FAW
-0.5365,37.4541,2018-05-09,Embu,FAW
-0.5365,37.4541,2018-05-09,Embu,FAW
-0.5365,37.4541,2018-05-09,Embu,FAW
-0.275,36.1748,2018-05-09,Nakuru,FAW
0.77076,34.75954,2018-05-09,Bungoma County,FAW
0.77076,34.75954,2018-05-09,Bungoma County,FAW
-1.2721495,36.6749358,2018-05-09,Kiambu,FAW
-0.55989,37.052,2018-05-09,Nyeri,FAW
-1.58253,37.24501,2018-05-09,Machakos County,FAW
-1.23515,37.47248,2018-05-09,Machakos County,FAW
-1.2433585,37.4546333,2018-05-09,Machakos County,FAW
-1.49538,37.2663,2018-05-09,Machakos County,FAW
-0.426134,37.47909,2018-05-10,Embu,FAW
-0.426134,37.47909,2018-05-10,Embu,FAW
-0.426134,37.47909,2018-05-10,Embu,FAW
-0.426134,37.47909,2018-05-10,Embu,FAW
-0.577144,37.03649,2018-05-10,Nyeri,FAW
-0.035813,36.198263,2018-05-10,Nakuru,FAW
-1.79007,36.0595,2018-05-10,Kajiado County,FAW
0.721912,34.7587144,2018-05-11,Bungoma County,FAW
-0.275,36.1748,2018-05-11,Nakuru,FAW
-0.68136,37.35478,2018-05-11,Kirinyaga County,FAW
0.9087532,34.9351968,2018-05-11,Trans-Nzoia County,FAW
0.89346,34.92562,2018-05-11,Trans-Nzoia County,FAW
-0.07661,36.16851,2018-05-12,Nakuru,FAW
-0.5589,37.075,2018-05-14,Nyeri,FAW
-0.51003,37.52088,2018-05-14,Embu,FAW
-1.5823344,37.2451736,2018-05-14,Machakos County,FAW
-1.5823341,37.2451769,2018-05-14,Machakos County,FAW
-1.3612822,36.6543871,2018-05-15,Kajiado County,FAW
-0.25462,36.23458,2018-05-16,Nakuru,FAW
-0.25462,36.23458,2018-05-16,Nakuru,FAW
-0.25462,36.23458,2018-05-16,Nakuru,FAW
-1.4125,37.33193,2018-05-14,Machakos County,FAW
-0.318592,37.65946,2018-05-16,Tharaka-Nithi,FAW
-0.5365,37.4541,2018-05-16,Embu,FAW
-0.5365,37.4541,2018-05-16,Embu,FAW
-0.5365,37.4541,2018-05-16,Embu,FAW
-0.07661,36.16851,2018-05-16,Nakuru,FAW
-0.07661,36.16851,2018-05-16,Nakuru,FAW
-0.07661,36.16851,2018-05-16,Nakuru,FAW
-0.07661,36.16851,2018-05-16,Nakuru,FAW
-0.035813,36.198263,2018-05-16,Nakuru,FAW
-0.50537,37.72824,2018-05-16,Embu,FAW
1.0146051,35.0089298,2018-05-16,Trans-Nzoia County,FAW
1.0146637,35.0090347,2018-05-16,Trans-Nzoia County,FAW
-1.21993,36.7134,2018-05-17,Kiambu,FAW
-0.52697,37.01729,2018-05-17,Nyeri,FAW
-0.47389,37.46408,2018-05-18,Embu,FAW
-0.5049079,37.4543259,2018-05-18,Embu,FAW
-0.335613,37.82998,2018-05-20,Tharaka-Nithi,FAW
1.0153518,34.9948539,2018-05-20,Trans-Nzoia County,FAW
1.0153518,34.9948539,2018-05-20,Trans-Nzoia County,FAW
1.0153518,34.9948539,2018-05-20,Trans-Nzoia County,FAW
1.0153518,34.9948539,2018-05-20,Trans-Nzoia County,FAW
1.0153518,34.9948539,2018-05-20,Trans-Nzoia County,FAW
-0.51003,37.52088,2018-05-21,Embu,FAW
0.8171735,34.8533356,2018-05-21,Bungoma County,FAW
-0.4946665,37.4401164,2018-05-22,Embu,FAW
-0.1563377,36.1098091,2018-05-22,Nakuru,FAW
-0.1567158,36.1086162,2018-05-22,Nakuru,FAW
-0.5589,37.075,2018-05-21,Nyeri,FAW
-1.4125,37.33193,2018-05-22,Machakos County,FAW
0.9339255,35.2699517,2018-05-22,Uasin Gishu County,FAW
0.77076,34.75954,2018-05-23,Bungoma County,FAW
-0.082103,36.180612,2018-05-23,Nakuru,FAW
-0.035813,36.198263,2018-05-23,Nakuru,FAW
1.0147797,35.0088692,2018-05-23,Trans-Nzoia County,FAW
1.0148572,35.008958,2018-05-23,Trans-Nzoia County,FAW
-1.21993,36.7134,2018-05-24,Kiambu,FAW
-1.21993,36.7134,2018-05-24,Kiambu,FAW
-0.104757957,36.16258509,2018-05-24,Nakuru,FAW
-0.104757957,36.16258509,2018-05-24,Nakuru,FAW
-0.07661,36.16851,2018-05-24,Nakuru,FAW
0.9346573,35.276148,2018-05-24,Trans-Nzoia County,FAW
-0.275,36.1748,2018-05-25,Nakuru,FAW
-0.47389,37.46408,2018-05-25,Embu,FAW
-0.47389,37.46408,2018-05-25,Embu,FAW
-0.681134,37.3549243,2018-05-25,Kirinyaga County,FAW
-0.68136,37.35478,2018-05-25,Kirinyaga County,FAW
-2.9885997,37.6301791,2018-05-24,Kajiado County,FAW
-1.344176,36.64176,2018-05-28,Kajiado County,FAW
-1.389321394,36.68351559,2018-05-29,Kajiado County,FAW
-1.21822,36.65172,2018-05-29,Kiambu,FAW
-1.21822,36.65172,2018-05-29,Kiambu,FAW
-0.55989,37.052,2018-05-29,Nyeri,FAW
-0.55989,37.052,2018-05-29,Nyeri,FAW
0.77076,34.75954,2018-05-30,Bungoma County,FAW
0.77076,34.75954,2018-05-30,Bungoma County,FAW
-0.55989,37.052,2018-05-30,Nyeri,FAW
-1.520054,37.27124,2018-05-30,Machakos County,FAW
-1.520054,37.27124,2018-05-30,Machakos County,FAW
-0.51128,37.47353,2018-05-31,Embu,FAW
-1.58253,37.24501,2018-05-31,Machakos County,FAW
-0.63085,37.112393,2018-05-31,Nyeri,FAW
-0.63085,37.112393,2018-05-31,Nyeri,FAW
0.89346,34.92562,2018-05-31,Trans-Nzoia County,FAW
-0.05862,36.2154,2018-06-04,Nakuru,FAW
-0.1920106,36.1617705,2018-06-05,Nakuru,FAW
-1.391682,36.6827396,2018-06-05,Kajiado County,FAW
-2.9315192,37.5032632,2018-06-05,Kajiado County,FAW
-0.318592,37.65946,2018-06-06,Tharaka-Nithi,FAW
-0.318592,37.65946,2018-06-06,Tharaka-Nithi,FAW
-0.5365,37.4541,2018-06-06,Embu,FAW
-0.07661,36.16851,2018-06-06,Nakuru,FAW
-0.426134,37.47909,2018-06-07,Embu,FAW
-0.4394271,37.4717295,2018-06-07,Embu,FAW
-1.79007,36.0595,2018-06-07,Kajiado County,FAW
-3.039685,37.6842283,2018-06-07,Kajiado County,FAW
-1.28124,36.61225,2018-06-11,Kiambu,FAW
-0.25034,36.11021,2018-06-12,Nakuru,FAW
-0.25034,36.11021,2018-06-12,Nakuru,FAW
-0.2689076,36.1865579,2018-06-13,Nakuru,FAW
-0.928184,35.86498,2018-06-13,Narok,FAW
-1.21993,36.7134,2018-06-14,Kiambu,FAW
-1.21993,36.7134,2018-06-14,Kiambu,FAW
-1.21993,36.7134,2018-06-14,Kiambu,FAW
1.2644533,35.130475,2018-06-19,West Pokot,FAW
-0.07661,36.16851,2018-06-21,Nakuru,FAW
-0.2656203,36.18695,2018-06-22,Nakuru,FAW
-1.58253,37.24501,2018-06-22,Machakos County,FAW
-1.58253,37.24501,2018-06-22,Machakos County,FAW
-1.21822,36.65172,2018-06-26,Kiambu,FAW
-0.176445,36.1651,2018-06-26,Nakuru,FAW
-0.275,36.1748,2018-06-27,Nakuru,FAW
-0.082103,36.180612,2018-06-27,Nakuru,FAW
-0.082103,36.180612,2018-06-27,Nakuru,FAW
-0.082103,36.180612,2018-06-27,Nakuru,FAW
-0.082103,36.180612,2018-06-27,Nakuru,FAW
-0.035813,36.198263,2018-06-27,Nakuru,FAW
0.00295,36.2274,2018-06-27,Nakuru,FAW
0.9690326,35.05194832,2018-06-27,Trans-Nzoia County,FAW
-0.082103,36.180612,2018-06-29,Nakuru,FAW
-1.3612626,36.6557507,2018-07-03,Kajiado County,FAW
-0.275,36.1748,2018-07-04,Nakuru,FAW
-0.50537,37.72824,2018-07-04,Embu,FAW
-1.798871,36.0570065,2018-07-05,Kajiado County,FAW
-1.21822,36.65172,2018-07-06,Kiambu,FAW
-0.68136,37.35478,2018-07-06,Kirinyaga County,FAW
-0.56745,36.997,2018-07-16,Nyeri,FAW
-0.275,36.1748,2018-07-18,Nakuru,FAW
-1.21822,36.65172,2018-07-18,Kiambu,FAW
-1.344176,36.64176,2018-07-23,Kajiado County,FAW
-0.0380026,36.222013,2018-07-23,Nakuru,FAW
-0.07661,36.16851,2018-07-25,Nakuru,FAW
-0.63085,37.112393,2018-07-26,Nyeri,FAW
-0.63085,37.112393,2018-07-30,Nyeri,FAW
-0.07661,36.16851,2018-08-01,Nakuru,FAW
-0.0380026,36.222013,2018-08-07,Nakuru,FAW
-0.5365,37.4541,2018-08-08,Embu,FAW
-0.5298702,37.4523747,2018-08-08,Embu,FAW
0.8910737,34.9112153,2018-08-10,Trans-Nzoia County,FAW
-0.63085,37.112393,2018-08-13,Nyeri,FAW
-0.5428893,37.4663055,2018-08-17,Embu,FAW
-0.2159,36.1648,2018-08-22,Nakuru,FAW
-0.5295482,37.4559674,2018-08-22,Embu,FAW
-0.035813,36.198263,2018-08-22,Nakuru,FAW
-0.52697,37.01729,2018-08-23,Nyeri,FAW
-0.577144,37.03649,2018-08-23,Nyeri,FAW
-1.58253,37.24501,2018-08-27,Machakos County,FAW
-1.58253,37.24501,2018-08-27,Machakos County,FAW
-1.58253,37.24501,2018-08-27,Machakos County,FAW
-1.58253,37.24501,2018-08-30,Machakos County,FAW
-0.5365,37.4541,2018-09-12,Embu,FAW
-0.62768,37.10609,2018-09-13,Nyeri,FAW
-0.6591081,37.1154432,2018-09-13,Murang'a County,FAW
-0.529284,37.4525986,2018-09-19,Embu,FAW
-0.63085,37.112393,2018-09-20,Nyeri,FAW
-0.104757957,36.16258509,2018-09-27,Nakuru,FAW
-1.28124,36.61225,2018-10-01,Kiambu,FAW
-0.5589,37.075,2018-10-08,Nyeri,FAW
-0.5589,37.075,2018-10-08,Nyeri,FAW
-0.63085,37.112393,2018-10-18,Nyeri,FAW
-0.63085,37.112393,2018-10-18,Nyeri,FAW
-0.56745,36.997,2018-10-22,Nyeri,FAW
-0.5295482,37.4559674,2018-10-24,Embu,FAW
-0.5365,37.4541,2018-10-24,Embu,FAW
-0.3306922,37.6474036,2018-10-25,Tharaka-Nithi,FAW
-1.5847374,37.2448278,2018-10-26,Machakos County,FAW
0.3690245,34.4907171,2018-10-27,Kakamega County,FAW
-0.51128,37.47353,2018-10-31,Embu,FAW
-0.66629,37.2937,2018-10-31,Kirinyaga County,FAW
-4.3881297,39.3554756,2018-11-01,Kwale,FAW
-0.56745,36.997,2018-11-05,Nyeri,FAW
-0.56745,36.997,2018-11-05,Nyeri,FAW
-0.5589,37.075,2018-11-05,Nyeri,FAW
-0.5589,37.075,2018-11-05,Nyeri,FAW
-0.5589,37.075,2018-11-05,Nyeri,FAW
-0.63085,37.112393,2018-11-08,Nyeri,FAW
-0.63085,37.112393,2018-11-08,Nyeri,FAW
-0.426134,37.47909,2018-11-15,Embu,FAW
-0.47389,37.46408,2018-11-16,Embu,FAW
-0.5292973,37.4525918,2018-11-16,Embu,FAW
-0.5297835,37.4559674,2018-11-16,Embu,FAW
-0.354264243,37.66641602,2018-11-17,Tharaka-Nithi,FAW
-0.3971493,37.5918713,2018-11-17,Embu,FAW
-0.46959,37.5062,2018-11-20,Embu,FAW
-1.49538,37.2663,2018-11-21,Machakos County,FAW
-1.49538,37.2663,2018-11-21,Machakos County,FAW
-0.3994317,37.5902452,2018-11-22,Embu,FAW
-0.3994317,37.5902452,2018-11-22,Embu,FAW
-0.3994317,37.5902452,2018-11-22,Embu,FAW
-0.426134,37.47909,2018-11-23,Embu,FAW
-0.5589,37.075,2018-11-26,Nyeri,FAW
-0.5365,37.4541,2018-11-27,Embu,FAW
-0.5295553,37.4549668,2018-11-28,Embu,FAW
-1.20149598,36.72548724,2018-11-28,Kiambu,FAW
-0.5295553,37.4549668,2018-11-28,Embu,FAW
-0.57318,37.32643,2018-11-29,Kirinyaga County,FAW
-0.5857,37.29047,2018-11-29,Kirinyaga County,FAW
-0.3521115,37.6607796,2018-11-30,Tharaka-Nithi,FAW
-1.23515,37.47248,2018-12-05,Machakos County,FAW
-0.57318,37.32643,2018-12-06,Kirinyaga County,FAW
-0.57318,37.32643,2018-12-06,Kirinyaga County,FAW
-1.23515,37.47248,2018-12-05,Machakos County,FAW
-0.5107189,37.4573014,2018-12-07,Embu,FAW
-0.5589,37.075,2018-12-10,Nyeri,FAW
-1.2210087,36.7136724,2018-12-13,Kiambu,FAW
-1.2210087,36.7136724,2018-12-13,Kiambu,FAW
-1.2210087,36.7136724,2018-12-13,Kiambu,FAW
-0.63085,37.112393,2018-12-13,Nyeri,FAW
-0.63085,37.112393,2018-12-13,Nyeri,FAW
-1.21993,36.7134,2018-12-13,Kiambu,FAW
-0.426134,37.47909,2018-12-14,Embu,FAW
-0.51003,37.52088,2018-12-17,Embu,FAW
-0.51128,37.47353,2018-12-19,Embu,FAW
-1.5821842,37.2458356,2018-12-19,Machakos County,FAW
-1.2194332,36.7127679,2018-12-20,Kiambu,FAW
-0.63085,37.112393,2018-12-20,Nyeri,FAW
-0.63085,37.112393,2018-12-20,Nyeri,FAW
-0.57318,37.32643,2018-12-27,Kirinyaga County,FAW
-0.4680417,37.5542852,2019-01-04,Embu,FAW
-0.51128,37.47353,2019-01-07,Embu,FAW
-1.3731049,36.6716202,2019-01-28,Kajiado County,FAW
-1.28124,36.61225,2019-02-04,Kiambu,FAW
-0.56745,36.997,2019-02-04,Nyeri,FAW
-1.5817171,37.2428131,2019-02-09,Machakos County,FAW
-0.56745,36.997,2019-02-18,Nyeri,FAW
-0.51003,37.52088,2019-02-18,Embu,FAW
0.00295,36.2274,2019-02-21,Nakuru,FAW
-0.56745,36.997,2019-03-11,Nyeri,FAW
-1.20149598,36.72548724,2019-03-13,Kiambu,FAW
-0.2704773,34.9723436,2019-03-21,Kisumu County,FAW
-0.25034,36.11021,2019-04-02,Nakuru,FAW
-0.1123415,34.9498236,2019-04-17,Kisumu County,FAW
-0.1122772,34.9497189,2019-04-17,Kisumu County,FAW
-0.0832108,34.7656422,2019-04-25,Kisumu County,FAW
0.3915348,34.4765922,2019-04-28,Kakamega County,FAW
-1.28124,36.61225,2019-04-29,Kiambu,FAW
0.77749,34.71794,2019-05-02,Bungoma County,FAW
0.0576734,34.2881931,2019-05-03,Siaya County,FAW
-0.68136,37.35478,2019-05-03,Kirinyaga County,FAW
-1.21822,36.65172,2019-05-07,Kiambu,FAW
-1.1125095,34.3280867,2019-05-07,Migori County,FAW
-0.18922883,36.12451105,2019-05-15,Nakuru,FAW
-0.1169002,34.9515237,2019-05-15,Kisumu County,FAW
-0.51003,37.52088,2019-05-27,Embu,FAW
-0.56745,36.997,2019-05-27,Nyeri,FAW
0.89346,34.92562,2019-05-28,Trans-Nzoia County,FAW
-0.2159,36.1648,2019-05-29,Nakuru,FAW
-0.5857,37.29047,2019-05-30,Kirinyaga County,FAW
-1.21822,36.65172,2019-05-29,Kiambu,FAW
-0.5692796,36.9630065,2019-06-03,Nyeri,FAW
-0.5692796,36.9630065,2019-06-03,Nyeri,FAW
-1.4067127,36.7758961,2019-06-04,Kajiado County,FAW
-1.0623482,34.4097408,2019-06-04,Migori County,FAW
-0.275,36.1748,2019-06-06,Nakuru,FAW
-0.52697,37.01729,2019-06-06,Nyeri,FAW
-1.28124,36.61225,2019-06-05,Kiambu,FAW
-1.2870664,36.8170866,2019-06-07,Nairobi County,FAW
-0.18922883,36.12451105,2019-06-11,Nakuru,FAW
-1.389321394,36.68351559,2019-06-11,Kajiado County,FAW
-1.21822,36.65172,2019-06-11,Kiambu,FAW
-0.15368374,36.14513992,2019-06-12,Nakuru,FAW
-0.1447056,36.1489394,2019-06-12,Nakuru,FAW
-0.15368374,36.14513992,2019-06-12,Nakuru,FAW
-1.20149598,36.72548724,2019-06-12,Kiambu,FAW
-1.220054,36.7136359,2019-06-13,Kiambu,FAW
0.77749,34.71794,2019-06-13,Bungoma County,FAW
0.77749,34.71794,2019-06-13,Bungoma County,FAW
1.02874,35.12113,2019-06-17,Trans-Nzoia County,FAW
-0.275,36.1748,2019-06-14,Nakuru,FAW
-1.28124,36.61225,2019-06-19,Kiambu,FAW
-1.460546,36.6571219,2019-06-24,Kajiado County,FAW
-0.426134,37.47909,2019-06-20,Embu,FAW
-1.344176,36.64176,2019-06-24,Kajiado County,FAW
-0.25034,36.11021,2019-06-25,Nakuru,FAW
-0.25034,36.11021,2019-06-25,Nakuru,FAW
-1.21822,36.65172,2019-06-25,Kiambu,FAW
-1.21822,36.65172,2019-06-25,Kiambu,FAW
-0.082103,36.180612,2019-06-27,Nakuru,FAW
-0.104757957,36.16258509,2019-06-27,Nakuru,FAW
0.1809995,34.2849383,2019-07-05,Siaya County,FAW
-1.23515,37.47248,2019-07-10,Machakos County,FAW
-0.07661,36.16851,2019-07-17,Nakuru,FAW
-0.115301,36.2225,2019-07-22,Nyandarua,FAW
-0.115301,36.2225,2019-07-22,Nyandarua,FAW
-1.21993,36.7134,2019-07-25,Kiambu,FAW
-0.25034,36.11021,2019-07-31,Nakuru,FAW
-0.2620656,36.1859321,2019-07-31,Nakuru,FAW
1.2644533,35.130475,2019-08-01,West Pokot,FAW
-0.2159,36.1648,2019-08-14,Nakuru,FAW
-1.28124,36.61225,2019-08-26,Kiambu,FAW
-0.25034,36.11021,2019-08-28,Nakuru,FAW
-0.25034,36.11021,2019-08-28,Nakuru,FAW
-1.21822,36.65172,2019-08-27,Kiambu,FAW
1.2644533,35.130475,2019-09-10,West Pokot,FAW
0.77749,34.71794,2019-09-28,Bungoma County,FAW
-0.51128,37.47353,2019-10-30,Embu,FAW
-0.57318,37.32643,2019-10-31,Kirinyaga County,FAW
-1.28308,36.7267,2019-11-13,Nairobi County,FAW
-0.2600586,34.9687484,2019-11-07,Kisumu County,FAW
-1.21993,36.7134,2019-11-14,Kiambu,FAW
-1.21993,36.7134,2019-11-14,Kiambu,FAW
-0.56745,36.997,2019-11-18,Nyeri,FAW
-1.28124,36.61225,2019-11-21,Kiambu,FAW
-1.28124,36.61225,2019-11-21,Kiambu,FAW
-0.426134,37.47909,2019-11-21,Embu,FAW
-1.20149598,36.72548724,2019-11-27,Kiambu,FAW
-1.21993,36.7134,2019-11-28,Kiambu,FAW
-0.51003,37.52088,2019-12-10,Embu,FAW
-1.21993,36.7134,2019-12-19,Kiambu,FAW
-1.21993,36.7134,2020-01-09,Kiambu,FAW
-0.2586226,34.9659927,2020-01-09,Kisumu County,FAW
-0.2919372,34.9463557,2020-01-09,Kisumu County,FAW
-1.58253,37.24501,2020-01-22,Machakos County,FAW
-0.2710847,34.9707506,2020-02-06,Kisumu County,FAW
-1.58253,37.24501,2020-02-17,Machakos County,FAW
-0.63085,37.112393,2020-02-17,Nyeri,FAW
-1.21822,36.65172,2020-02-25,Kiambu,FAW
-0.035813,36.198263,2020-02-26,Nakuru,FAW
-1.58253,37.24501,2020-02-28,Machakos County,FAW
-1.58253,37.24501,2020-02-28,Machakos County,FAW
-1.58253,37.24501,2020-02-28,Machakos County,FAW
-1.21993,36.7134,2020-03-12,Kiambu,FAW
0.9690326,35.05194832,2020-05-15,Trans-Nzoia County,FAW
-1.58253,37.24501,2020-03-20,Machakos County,FAW
-1.58253,37.24501,2020-03-20,Machakos County,FAW
-0.6275834,37.2592559,2020-12-05,Kirinyaga County,FAW
0.79611,34.665526,2021-05-08,Bungoma County,FAW
-0.2159,36.1648,2013-06-25,Nakuru,FAW
-0.5284527,37.4554113,2016-06-11,Embu,FAW
-1.58253,37.24501,2022-11-10,Machakos County,FAW
0.9346573,35.276148,2022-11-03,Trans-Nzoia County,FAW
2.2449935,35.4396694,2023-05-29,Turkana County,FAW
-0.25462,36.23458,2023-06-14,Nakuru,FAW
1.03927,35.32052,2025-05-14,Elgeyo-Marakwet County,FAW
-1.21993,36.7134,2022-02-01,Kiambu,FAW
-0.275,36.1748,2021-11-03,Nakuru,FAW
-0.275,36.1748,2021-11-03,Nakuru,FAW
1.060122782,35.2871809,2020-06-09,Elgeyo-Marakwet County,FAW
0.9346573,35.276148,2020-04-30,Trans-Nzoia County,FAW
0.9346573,35.276148,2020-04-30,Trans-Nzoia County,FAW
-1.58253,37.24501,2020-01-22,Machakos County,FAW
-0.51003,37.52088,2020-01-20,Embu,FAW
-1.28124,36.61225,2020-01-06,Kiambu,FAW
-0.2586226,34.9659927,2019-12-19,Kisumu County,FAW
-0.605488,37.46312,2019-12-19,Kirinyaga County,FAW
-0.57658598,37.43290221,2019-12-16,Kirinyaga County,FAW
-0.51003,37.52088,2019-12-17,Embu,FAW
-0.51128,37.47353,2019-12-04,Embu,FAW
-1.21993,36.7134,2019-12-05,Kiambu,FAW
-0.2710546,34.9707506,2019-12-05,Kisumu County,FAW
-1.21993,36.7134,2019-11-28,Kiambu,FAW
-1.21993,36.7134,2019-11-28,Kiambu,FAW
-0.51128,37.47353,2019-11-27,Embu,FAW
0.81863313,34.75862115,2019-11-20,Bungoma County,FAW
-0.426134,37.47909,2019-11-21,Embu,FAW
-0.6263974,37.2595903,2019-11-21,Kirinyaga County,FAW
-0.51128,37.47353,2019-11-20,Embu,FAW
-1.4125,37.33193,2019-11-07,Machakos County,FAW
-0.57318,37.32643,2019-11-07,Kirinyaga County,FAW
-0.2574188,34.9659927,2019-11-07,Kisumu County,FAW
-0.57318,37.32643,2019-10-31,Kirinyaga County,FAW
-0.68136,37.35478,2019-11-01,Kirinyaga County,FAW
-1.28124,36.61225,2019-11-04,Kiambu,FAW
-0.51128,37.47353,2019-10-30,Embu,FAW
-0.9189462,34.526702,2019-10-24,Migori County,FAW
-0.605488,37.46312,2019-10-18,Kirinyaga County,FAW
-0.66629,37.2937,2019-10-07,Kirinyaga County,FAW
-1.0651551,34.4525769,2019-10-01,Migori County,FAW
0.77749,34.71794,2019-09-28,Bungoma County,FAW
-1.20149598,36.72548724,2019-09-25,Kiambu,FAW
-0.035813,36.198263,2019-09-11,Nakuru,FAW
0.1162344,36.2256202,2019-09-09,Nakuru,FAW
0.9690326,35.05194832,2019-08-14,Trans-Nzoia County,FAW
-1.28124,36.61225,2019-07-29,Kiambu,FAW
-1.28124,36.61225,2019-07-29,Kiambu,FAW
0.0535605,34.2960365,2019-07-30,Siaya County,FAW
-1.21993,36.7134,2019-07-25,Kiambu,FAW
-0.115301,36.2225,2019-07-22,Nyandarua,FAW
-0.2623028,36.1859321,2019-07-17,Nakuru,FAW
0.12731,36.26622,2019-07-11,Nakuru,FAW
-0.1793386,34.932228,2019-07-11,Kisumu County,FAW
-0.271085,34.9706644,2019-07-11,Kisumu County,FAW
-0.115301,36.2225,2019-07-08,Nyandarua,FAW
-0.115301,36.2225,2019-07-08,Nyandarua,FAW
-0.51003,37.52088,2019-07-08,Embu,FAW
-1.21822,36.65172,2019-07-02,Kiambu,FAW
-0.104757957,36.16258509,2019-06-27,Nakuru,FAW
-0.104757957,36.16258509,2019-06-27,Nakuru,FAW
0.1156962,36.2703719,2019-06-27,Nakuru,FAW
0.9346573,35.276148,2019-06-26,Trans-Nzoia County,FAW
0.9346573,35.276148,2019-06-26,Trans-Nzoia County,FAW
-0.1762192,36.1248337,2019-06-26,Nakuru,FAW
-0.18922883,36.12451105,2019-06-26,Nakuru,FAW
-0.25034,36.11021,2019-06-25,Nakuru,FAW
0.9690326,35.05194832,2019-06-24,Trans-Nzoia County,FAW
-0.07661,36.16851,2019-06-20,Nakuru,FAW
0.9346573,35.276148,2019-06-20,Trans-Nzoia County,FAW
0.9343955,35.2716678,2019-06-19,Trans-Nzoia County,FAW
0.9343955,35.2716678,2019-06-19,Trans-Nzoia County,FAW
0.9339097,35.2713246,2019-06-19,Uasin Gishu County,FAW
1.02874,35.12113,2019-06-17,Trans-Nzoia County,FAW
1.02874,35.12113,2019-06-17,Trans-Nzoia County,FAW
-1.1165778,34.3491987,2019-06-18,Migori County,FAW
-1.28124,36.61225,2019-06-18,Kiambu,FAW
-0.56745,36.997,2019-06-17,Nyeri,FAW
-1.20149598,36.72548724,2019-06-12,Kiambu,FAW
-0.25462,36.23458,2019-06-12,Nakuru,FAW
-0.15368374,36.14513992,2019-06-12,Nakuru,FAW
-0.18922883,36.12451105,2019-06-11,Nakuru,FAW
-0.51003,37.52088,2019-06-11,Embu,FAW
-1.28124,36.61225,2019-06-10,Kiambu,FAW
-1.28124,36.61225,2019-06-10,Kiambu,FAW
-1.28124,36.61225,2019-06-05,Kiambu,FAW
-1.1260291,34.544012,2019-06-04,Migori County,FAW
-1.1130074,34.3280867,2019-06-04,Migori County,FAW
-1.21822,36.65172,2019-05-29,Kiambu,FAW
-0.05862,36.2154,2019-05-30,Nakuru,FAW
-0.57658598,37.43290221,2019-06-03,Kirinyaga County,FAW
-0.5857,37.29047,2019-05-30,Kirinyaga County,FAW
-0.5857,37.29047,2019-05-30,Kirinyaga County,FAW
-0.51128,37.47353,2019-05-28,Embu,FAW
0.1865098,34.1957768,2019-05-27,Siaya County,FAW
-0.56745,36.997,2019-05-27,Nyeri,FAW
0.77749,34.71794,2019-05-23,Bungoma County,FAW
0.77749,34.71794,2019-05-23,Bungoma County,FAW
0.9346573,35.276148,2019-05-23,Trans-Nzoia County,FAW
0.9324523,35.2702949,2019-05-23,Uasin Gishu County,FAW
0.9346573,35.276148,2019-05-23,Trans-Nzoia County,FAW
-0.51003,37.52088,2019-05-27,Embu,FAW
-0.51003,37.52088,2019-05-27,Embu,FAW
0.6426725,34.9473893,2019-05-22,Kakamega County,FAW
0.9366649,34.8377534,2019-05-23,Trans-Nzoia County,FAW
-0.57658598,37.43290221,2019-05-20,Kirinyaga County,FAW
-1.28124,36.61225,2019-05-20,Kiambu,FAW
-0.51003,37.52088,2019-05-20,Embu,FAW
-0.51003,37.52088,2019-05-20,Embu,FAW
-0.605488,37.46312,2019-05-16,Kirinyaga County,FAW
-1.21822,36.65172,2019-05-14,Kiambu,FAW
0.0015575,36.2280365,2019-05-14,Nakuru,FAW
0.9346573,35.276148,2019-05-14,Trans-Nzoia County,FAW
-0.0978012,34.2749779,2019-05-15,Siaya County,FAW
-2.998274871,37.62601476,2019-05-09,Kajiado County,FAW
-2.998274871,37.62601476,2019-05-09,Kajiado County,FAW
-1.21822,36.65172,2019-05-07,Kiambu,FAW
-1.21822,36.65172,2019-05-07,Kiambu,FAW
0.0576734,34.2881931,2019-05-03,Siaya County,FAW
0.9690326,35.05194832,2019-04-30,Trans-Nzoia County,FAW
0.9690326,35.05194832,2019-04-30,Trans-Nzoia County,FAW
-1.28124,36.61225,2019-04-29,Kiambu,FAW
-0.5589,37.075,2019-04-25,Nyeri,FAW
-0.2704773,34.9723436,2019-03-21,Kisumu County,FAW
-1.1144871,34.3291278,2019-04-16,Migori County,FAW
-0.035813,36.198263,2019-03-27,Nakuru,FAW
0.9346573,35.276148,2019-03-14,Trans-Nzoia County,FAW
-0.56745,36.997,2019-03-11,Nyeri,FAW
-0.2315528,36.1169596,2019-03-05,Nakuru,FAW
-1.28124,36.61225,2019-02-18,Kiambu,FAW
-0.56745,36.997,2019-02-18,Nyeri,FAW
-0.035813,36.198263,2019-02-15,Nakuru,FAW
-0.1935567,36.1139804,2019-02-06,Nakuru,FAW
-1.28124,36.61225,2019-02-04,Kiambu,FAW
-0.1795243,36.1289084,2019-01-31,Nakuru,FAW
-0.96993428,35.89853636,2019-01-29,Narok,FAW
-0.51003,37.52088,2019-01-28,Embu,FAW
-0.5288764,37.452313,2019-01-23,Embu,FAW
-1.28124,36.61225,2019-01-21,Kiambu,FAW
-0.426134,37.47909,2019-01-17,Embu,FAW
-0.0671556,34.8121986,2019-01-11,Kisumu County,FAW
-0.6801384,37.6488487,2018-12-31,Embu,FAW
-0.5857,37.29047,2018-12-27,Kirinyaga County,FAW
-1.5822688,37.2456447,2018-12-21,Machakos County,FAW
-1.5821835,37.2458397,2018-12-21,Machakos County,FAW
-0.63085,37.112393,2018-12-20,Nyeri,FAW
-0.6841866,37.4943811,2018-12-20,Embu,FAW
-0.07661,36.16851,2018-12-19,Nakuru,FAW
-0.4843014,37.4709739,2018-12-19,Embu,FAW
-0.5365,37.4541,2018-12-18,Embu,FAW
-0.5365,37.4541,2018-12-18,Embu,FAW
-0.5589,37.075,2018-12-17,Nyeri,FAW
-0.51003,37.52088,2018-12-17,Embu,FAW
-0.50537,37.72824,2018-12-14,Embu,FAW
-0.426134,37.47909,2018-12-14,Embu,FAW
-0.63085,37.112393,2018-12-13,Nyeri,FAW
-0.5857,37.29047,2018-12-13,Kirinyaga County,FAW
-0.46959,37.5062,2018-12-11,Embu,FAW
-0.63085,37.112393,2018-12-10,Nyeri,FAW
-0.5589,37.075,2018-12-10,Nyeri,FAW
-1.28124,36.61225,2018-12-10,Kiambu,FAW
-1.28124,36.61225,2018-12-10,Kiambu,FAW
-0.5107189,37.4573014,2018-12-07,Embu,FAW
-0.51128,37.47353,2018-12-07,Embu,FAW
-0.50537,37.72824,2018-12-05,Embu,FAW
-0.51128,37.47353,2018-12-05,Embu,FAW
-0.442,37.4368,2018-11-30,Embu,FAW
-0.354264243,37.66641602,2018-11-30,Tharaka-Nithi,FAW
-0.3560726,37.6621098,2018-11-30,Tharaka-Nithi,FAW
-0.035813,36.198263,2018-11-28,Nakuru,FAW
-0.6458616,37.3189139,2018-11-28,Kirinyaga County,FAW
-0.46959,37.5062,2018-11-27,Embu,FAW
-0.46959,37.5062,2018-11-27,Embu,FAW
-0.426134,37.47909,2018-11-27,Embu,FAW
-0.5589,37.075,2018-11-26,Nyeri,FAW
-0.5365,37.4541,2018-11-26,Embu,FAW
-0.5281434,37.4549668,2018-11-23,Embu,FAW
-0.354264243,37.66641602,2018-11-23,Tharaka-Nithi,FAW
-0.354264243,37.66641602,2018-11-23,Tharaka-Nithi,FAW
-0.354264243,37.66641602,2018-11-23,Tharaka-Nithi,FAW
-0.426134,37.47909,2018-11-23,Embu,FAW
-1.23515,37.47248,2018-11-21,Machakos County,FAW
-0.07661,36.16851,2018-11-21,Nakuru,FAW
-0.46959,37.5062,2018-11-20,Embu,FAW
-0.5293038,37.4525941,2018-11-19,Embu,FAW
-0.51003,37.52088,2018-11-19,Embu,FAW
-0.6061965,37.4627258,2018-11-15,Kirinyaga County,FAW
-0.5365,37.4541,2018-11-14,Embu,FAW
-0.3224972,37.6538331,2018-11-13,Tharaka-Nithi,FAW
-0.56745,36.997,2018-11-12,Nyeri,FAW
-0.5589,37.075,2018-11-05,Nyeri,FAW
0.89346,34.92562,2018-11-01,Trans-Nzoia County,FAW
-0.209653,34.8280932,2018-10-31,Kisumu County,FAW
-0.66629,37.2937,2018-10-31,Kirinyaga County,FAW
-0.5365,37.4541,2018-10-31,Embu,FAW
-2.998274871,37.62601476,2018-10-25,Kajiado County,FAW
-0.3306925,37.6474043,2018-10-25,Tharaka-Nithi,FAW
-0.2159,36.1648,2018-10-24,Nakuru,FAW
-0.605488,37.46312,2018-10-18,Kirinyaga County,FAW
-0.5389613,37.4539931,2018-10-17,Embu,FAW
-0.5690403,37.3197166,2018-10-15,Kirinyaga County,FAW
-0.6879132,37.4912074,2018-10-16,Embu,FAW
-2.998274871,37.62601476,2018-10-11,Kajiado County,FAW
-2.9314226,37.5029771,2018-09-27,Kajiado County,FAW
-0.63085,37.112393,2018-09-27,Nyeri,FAW
-0.63085,37.112393,2018-09-27,Nyeri,FAW
-0.63085,37.112393,2018-09-20,Nyeri,FAW
-0.07661,36.16851,2018-09-19,Nakuru,FAW
-0.5365,37.4541,2018-09-19,Embu,FAW
-0.5292909,37.4526109,2018-09-19,Embu,FAW
-0.035813,36.198263,2018-09-12,Nakuru,FAW
-0.511485,37.4734933333333,2018-09-05,Embu,FAW
-0.63085,37.112393,2018-08-30,Nyeri,FAW
-0.50537,37.72824,2018-08-29,Embu,FAW
-1.23515,37.47248,2018-08-22,Machakos County,FAW
-1.23515,37.47248,2018-08-22,Machakos County,FAW
0.00295,36.2274,2018-08-22,Nakuru,FAW
-1.23515,37.47248,2018-08-22,Machakos County,FAW
-0.5295505,37.4556339,2018-08-22,Embu,FAW
-0.5365,37.4541,2018-08-22,Embu,FAW
-0.56745,36.997,2018-08-20,Nyeri,FAW
0.982222,35.22098,2018-08-15,Trans-Nzoia County,FAW
-0.51128,37.47353,2018-08-15,Embu,FAW
-1.4125,37.33193,2018-08-14,Machakos County,FAW
-0.63085,37.112393,2018-08-13,Nyeri,FAW
-0.5294101,37.4528732,2018-08-10,Embu,FAW
0.9086938,34.9351694,2018-08-09,Trans-Nzoia County,FAW
0.89346,34.92562,2018-08-09,Trans-Nzoia County,FAW
-0.426134,37.47909,2018-08-09,Embu,FAW
-0.5365,37.4541,2018-08-08,Embu,FAW
-0.0380026,36.222013,2018-08-07,Nakuru,FAW
0.00295,36.2274,2018-07-26,Nakuru,FAW
-0.51128,37.47353,2018-07-25,Embu,FAW
-0.25462,36.23458,2018-07-25,Nakuru,FAW
-0.0380026,36.222013,2018-07-23,Nakuru,FAW
-3.176272,37.733,2018-07-20,Kajiado County,FAW
-0.5247132,37.4611688,2018-07-20,Embu,FAW
-0.15368374,36.14513992,2018-07-18,Nakuru,FAW
-0.1657188,36.1655714,2018-07-17,Nakuru,FAW
0.9341941,35.2678924,2018-07-12,Uasin Gishu County,FAW
-0.63085,37.112393,2018-07-12,Nyeri,FAW
-0.082103,36.180612,2018-07-12,Nakuru,FAW
-0.4257733,37.4767429,2018-07-12,Embu,FAW
-0.6459328,37.3188812,2018-07-11,Kirinyaga County,FAW
0.00295,36.2274,2018-07-10,Nakuru,FAW
-1.32801,37.44187,2018-07-10,Machakos County,FAW
-1.21822,36.65172,2018-07-10,Kiambu,FAW
-1.21822,36.65172,2018-07-06,Kiambu,FAW
0.9346573,35.276148,2018-07-05,Trans-Nzoia County,FAW
-0.07661,36.16851,2018-07-05,Nakuru,FAW
-0.07661,36.16851,2018-07-05,Nakuru,FAW
-3.0536743,37.7028323,2018-07-05,Kajiado County,FAW
-3.0726432,37.7230122,2018-07-05,Kajiado County,FAW
-0.928184,35.86498,2018-07-04,Narok,FAW
-0.275,36.1748,2018-07-04,Nakuru,FAW
-0.0380026,36.222013,2018-07-03,Nakuru,FAW
-0.56745,36.997,2018-07-02,Nyeri,FAW
-0.082103,36.180612,2018-06-29,Nakuru,FAW
-1.79007,36.0595,2018-06-28,Kajiado County,FAW
-1.79007,36.0595,2018-06-28,Kajiado County,FAW
-0.07661,36.16851,2018-06-28,Nakuru,FAW
-0.07661,36.16851,2018-06-28,Nakuru,FAW
-0.66629,37.2937,2018-06-28,Kirinyaga County,FAW
-0.275,36.1748,2018-06-28,Nakuru,FAW
-0.035813,36.198263,2018-06-27,Nakuru,FAW
-0.082103,36.180612,2018-06-27,Nakuru,FAW
-0.082103,36.180612,2018-06-27,Nakuru,FAW
-0.854850796,35.66428712,2018-06-27,Narok,FAW
-0.25462,36.23458,2018-06-27,Nakuru,FAW
-0.5293422,37.4525608,2018-06-27,Embu,FAW
-0.2814084,36.1513156,2018-06-26,Nakuru,FAW
-0.25034,36.11021,2018-06-26,Nakuru,FAW
-0.51003,37.52088,2018-06-25,Embu,FAW
-0.63085,37.112393,2018-06-21,Nyeri,FAW
-0.63085,37.112393,2018-06-21,Nyeri,FAW
-0.66629,37.2937,2018-06-20,Kirinyaga County,FAW
-0.5365,37.4541,2018-06-20,Embu,FAW
-0.5365,37.4541,2018-06-20,Embu,FAW
-0.275,36.1748,2018-06-20,Nakuru,FAW
-0.275,36.1748,2018-06-20,Nakuru,FAW
-1.21822,36.65172,2018-06-19,Kiambu,FAW
-1.21822,36.65172,2018-06-19,Kiambu,FAW
-1.21822,36.65172,2018-06-19,Kiambu,FAW
1.0114389,35.2542518,2018-06-19,Trans-Nzoia County,FAW
0.0835315,34.0517858,2018-06-19,Busia County,FAW
-0.66629,37.2937,2018-06-18,Kirinyaga County,FAW
-0.1495268,34.8173966,2018-06-18,Kisumu County,FAW
-0.51003,37.52088,2018-06-18,Embu,FAW
-0.5857,37.29047,2018-06-14,Kirinyaga County,FAW
-0.275,36.1748,2018-06-14,Nakuru,FAW
-0.51128,37.47353,2018-06-13,Embu,FAW
-0.25462,36.23458,2018-06-13,Nakuru,FAW
-0.25034,36.11021,2018-06-12,Nakuru,FAW
-0.25034,36.11021,2018-06-12,Nakuru,FAW
-3.176272,37.733,2018-06-08,Kajiado County,FAW
0.9359084,35.2678924,2018-06-07,Trans-Nzoia County,FAW
0.9339255,35.2699517,2018-06-07,Uasin Gishu County,FAW
1.0551177,35.5881825,2018-06-08,Elgeyo-Marakwet County,FAW
-0.577144,37.03649,2018-06-07,Nyeri,FAW
-0.07661,36.16851,2018-06-06,Nakuru,FAW
-0.5365,37.4541,2018-06-06,Embu,FAW
-0.318592,37.65946,2018-06-06,Tharaka-Nithi,FAW
0.630612,35.0520498,2018-06-05,Uasin Gishu County,FAW
0.630612,35.0520498,2018-06-05,Uasin Gishu County,FAW
0.6304007,35.0537865,2018-06-05,Uasin Gishu County,FAW
-0.15368374,36.14513992,2018-06-01,Nakuru,FAW
-0.5336816,37.4536536,2018-06-04,Embu,FAW
-1.79007,36.0595,2018-05-31,Kajiado County,FAW
1.0403029,35.3212181,2018-05-31,Elgeyo-Marakwet County,FAW
0.5911212,34.5542453,2018-05-31,Bungoma County,FAW
-0.18922883,36.12451105,2018-05-31,Nakuru,FAW
-0.18922883,36.12451105,2018-05-31,Nakuru,FAW
1.0146806,35.0089406,2018-05-30,Trans-Nzoia County,FAW
-1.520054,37.27124,2018-05-30,Machakos County,FAW
-0.66629,37.2937,2018-05-30,Kirinyaga County,FAW
-0.55989,37.052,2018-05-30,Nyeri,FAW
-0.55989,37.052,2018-05-30,Nyeri,FAW
0.77076,34.75954,2018-05-30,Bungoma County,FAW
-0.5303234,37.4559239,2018-05-30,Embu,FAW
-0.2672797,36.1872893,2018-05-30,Nakuru,FAW
-0.5300188,37.4559674,2018-05-30,Embu,FAW
-0.66629,37.2937,2018-05-29,Kirinyaga County,FAW
-1.088047,35.8670144,2018-05-29,Narok,FAW
-0.1713646,34.9182488,2018-05-29,Kisumu County,FAW
-0.55989,37.052,2018-05-29,Nyeri,FAW
-1.21822,36.65172,2018-05-29,Kiambu,FAW
-0.51003,37.52088,2018-05-29,Embu,FAW
-1.0868165,35.8676958,2018-05-29,Narok,FAW
-1.0868165,35.8676958,2018-05-29,Narok,FAW
-2.894053569,37.5884336,2018-05-24,Kajiado County,FAW
-0.3595704,37.6627749,2018-05-25,Tharaka-Nithi,FAW
0.9360104,35.2679965,2018-05-24,Trans-Nzoia County,FAW
0.9346573,35.276148,2018-05-24,Trans-Nzoia County,FAW
-1.0880329,35.8680365,2018-05-25,Narok,FAW
-0.41188,37.68892,2018-05-24,Tharaka-Nithi,FAW
-0.4674532,37.6911151,2018-05-24,Embu,FAW
-1.21993,36.7134,2018-05-24,Kiambu,FAW
-1.21993,36.7134,2018-05-24,Kiambu,FAW
1.0146943,35.0089409,2018-05-23,Trans-Nzoia County,FAW
-2.71889,37.46388,2018-05-23,Kajiado County,FAW
-0.082103,36.180612,2018-05-23,Nakuru,FAW
-0.082103,36.180612,2018-05-23,Nakuru,FAW
-1.20149598,36.72548724,2018-05-23,Kiambu,FAW
-0.5365,37.4541,2018-05-23,Embu,FAW
-0.51128,37.47353,2018-05-23,Embu,FAW
-0.51128,37.47353,2018-05-23,Embu,FAW
0.724935,34.7602392,2018-05-23,Bungoma County,FAW
0.724935,34.7602392,2018-05-23,Bungoma County,FAW
-0.5365,37.4541,2018-05-23,Embu,FAW
-0.275,36.1748,2018-05-23,Nakuru,FAW
0.9339255,35.2699517,2018-05-22,Uasin Gishu County,FAW
0.9359084,35.2678924,2018-05-22,Trans-Nzoia County,FAW
0.9339255,35.2699517,2018-05-22,Uasin Gishu County,FAW
0.9339255,35.2699517,2018-05-22,Uasin Gishu County,FAW
0.9359084,35.2678924,2018-05-22,Trans-Nzoia County,FAW
0.9339255,35.2699517,2018-05-22,Uasin Gishu County,FAW
-1.21993,36.7134,2018-05-22,Kiambu,FAW
0.9346573,35.276148,2018-05-21,Trans-Nzoia County,FAW
-0.176445,36.1651,2018-05-22,Nakuru,FAW
-0.1563377,36.1098091,2018-05-22,Nakuru,FAW
-0.176445,36.1651,2018-05-22,Nakuru,FAW
-0.5589,37.075,2018-05-21,Nyeri,FAW
-0.51003,37.52088,2018-05-21,Embu,FAW
0.08633,34.234243,2018-05-18,Siaya County,FAW
1.0153518,34.9948539,2018-05-20,Trans-Nzoia County,FAW
1.0153518,34.9948539,2018-05-20,Trans-Nzoia County,FAW
1.0153518,34.9948539,2018-05-20,Trans-Nzoia County,FAW
0.9743511,34.9622034,2018-05-20,Trans-Nzoia County,FAW
1.0153518,34.9948539,2018-05-20,Trans-Nzoia County,FAW
1.0153518,34.9948539,2018-05-20,Trans-Nzoia County,FAW
1.0153518,34.9948539,2018-05-20,Trans-Nzoia County,FAW
0.9743511,34.9622034,2018-05-20,Trans-Nzoia County,FAW
-0.335613,37.82998,2018-05-20,Tharaka-Nithi,FAW
-0.335613,37.82998,2018-05-20,Tharaka-Nithi,FAW
0.6215414,35.0352025,2018-05-18,Kakamega County,FAW
1.2644533,35.130475,2018-05-18,West Pokot,FAW
-0.47389,37.46408,2018-05-18,Embu,FAW
-0.62768,37.10609,2018-05-17,Nyeri,FAW
0.9336767,35.2702949,2018-05-17,Uasin Gishu County,FAW
0.9336767,35.2702949,2018-05-17,Uasin Gishu County,FAW
0.9336767,35.2702949,2018-05-17,Uasin Gishu County,FAW
0.9336767,35.2702949,2018-05-17,Uasin Gishu County,FAW
0.9336767,35.2702949,2018-05-17,Uasin Gishu County,FAW
0.9341704,35.2699517,2018-05-17,Uasin Gishu County,FAW
0.9341704,35.2699517,2018-05-17,Uasin Gishu County,FAW
-0.63085,37.112393,2018-05-17,Nyeri,FAW
-0.63085,37.112393,2018-05-17,Nyeri,FAW
-0.63085,37.112393,2018-05-17,Nyeri,FAW
-1.21993,36.7134,2018-05-17,Kiambu,FAW
-1.21993,36.7134,2018-05-17,Kiambu,FAW
-0.2908135,36.1126083,2018-05-17,Nakuru,FAW
0.6314635,35.0087176,2018-05-16,Kakamega County,FAW
0.6306546,35.05241,2018-05-16,Uasin Gishu County,FAW
-0.035813,36.198263,2018-05-16,Nakuru,FAW
-0.07661,36.16851,2018-05-16,Nakuru,FAW
-0.536226666666667,37.4537166666667,2018-05-16,Embu,FAW
-0.2134115,36.1234754,2018-05-16,Nakuru,FAW
-0.28327,36.161838,2018-05-16,Nakuru,FAW
1.20277813,35.10882195,2018-05-15,West Pokot,FAW
1.20277813,35.10882195,2018-05-15,West Pokot,FAW
1.0403906,35.3202528,2018-05-16,Elgeyo-Marakwet County,FAW
0.9346573,35.276148,2018-05-15,Trans-Nzoia County,FAW
0.6306519,35.0527542,2018-05-15,Uasin Gishu County,FAW
1.20277813,35.10882195,2018-05-15,West Pokot,FAW
-1.389321394,36.68351559,2018-05-15,Kajiado County,FAW
-1.4125,37.33193,2018-05-14,Machakos County,FAW
-0.51003,37.52088,2018-05-14,Embu,FAW
-0.5589,37.075,2018-05-14,Nyeri,FAW
-0.51003,37.52088,2018-05-14,Embu,FAW
-0.51003,37.52088,2018-05-14,Embu,FAW
-0.51003,37.52088,2018-05-14,Embu,FAW
0.9010892,34.9256761,2018-05-11,Trans-Nzoia County,FAW
0.9087532,34.9351968,2018-05-11,Trans-Nzoia County,FAW
-0.5432652,37.446962,2018-05-10,Kirinyaga County,FAW
-1.79007,36.0595,2018-05-10,Kajiado County,FAW
0.9346573,35.276148,2018-05-10,Trans-Nzoia County,FAW
0.9346573,35.276148,2018-05-10,Trans-Nzoia County,FAW
-0.035813,36.198263,2018-05-10,Nakuru,FAW
-0.05862,36.2154,2018-05-10,Nakuru,FAW
-0.5857,37.29047,2018-05-10,Kirinyaga County,FAW
-1.089464671,35.95504539,2018-05-10,Narok,FAW
-0.035813,36.198263,2018-05-10,Nakuru,FAW
-0.035813,36.198263,2018-05-10,Nakuru,FAW
-0.035813,36.198263,2018-05-10,Nakuru,FAW
-0.035813,36.198263,2018-05-10,Nakuru,FAW
-0.035813,36.198263,2018-05-10,Nakuru,FAW
-2.998274871,37.62601476,2018-05-10,Kajiado County,FAW
-2.998274871,37.62601476,2018-05-10,Kajiado County,FAW
-0.07661,36.16851,2018-05-10,Nakuru,FAW
-0.577144,37.03649,2018-05-10,Nyeri,FAW
-0.928184,35.86498,2018-05-09,Narok,FAW
-0.18922883,36.12451105,2018-05-10,Nakuru,FAW
-0.18922883,36.12451105,2018-05-10,Nakuru,FAW
-1.58253,37.24501,2018-05-09,Machakos County,FAW
-1.2836874,36.6883399,2018-05-09,Kiambu,FAW
-0.275,36.1748,2018-05-09,Nakuru,FAW
-0.335613,37.82998,2018-05-09,Tharaka-Nithi,FAW
-0.51128,37.47353,2018-05-09,Embu,FAW
-0.335613,37.82998,2018-05-09,Tharaka-Nithi,FAW
-0.335613,37.82998,2018-05-09,Tharaka-Nithi,FAW
-0.335613,37.82998,2018-05-09,Tharaka-Nithi,FAW
-0.275,36.1748,2018-05-09,Nakuru,FAW
1.20277813,35.10882195,2018-05-08,West Pokot,FAW
1.20277813,35.10882195,2018-05-08,West Pokot,FAW
1.20277813,35.10882195,2018-05-08,West Pokot,FAW
1.20277813,35.10882195,2018-05-08,West Pokot,FAW
1.20277813,35.10882195,2018-05-08,West Pokot,FAW
-0.96993428,35.89853636,2018-05-08,Narok,FAW
-2.9308662,37.5052413,2018-05-08,Kajiado County,FAW
-1.4125,37.33193,2018-05-08,Machakos County,FAW
-1.21822,36.65172,2018-05-08,Kiambu,FAW
-1.21822,36.65172,2018-05-08,Kiambu,FAW
-0.2759394,36.1536918,2018-05-08,Nakuru,FAW
-1.2912029,36.6089476,2018-05-07,Kiambu,FAW
-1.2912029,36.6089476,2018-05-07,Kiambu,FAW
1.0186541,34.9880713,2018-05-07,Trans-Nzoia County,FAW
1.0139742,34.9967186,2018-05-07,Trans-Nzoia County,FAW
1.0209427,34.9852756,2018-05-07,Trans-Nzoia County,FAW
-1.344176,36.64176,2018-05-07,Kajiado County,FAW
-0.5077828,37.449103,2018-05-04,Embu,FAW
-0.082103,36.180612,2018-05-04,Nakuru,FAW
-0.05862,36.2154,2018-05-05,Nakuru,FAW
0.8937165,34.9253295,2018-05-03,Trans-Nzoia County,FAW
0.08633,34.234243,2018-05-04,Siaya County,FAW
0.9346573,35.276148,2018-05-03,Trans-Nzoia County,FAW
0.9346573,35.276148,2018-05-03,Trans-Nzoia County,FAW
0.9346573,35.276148,2018-05-03,Trans-Nzoia County,FAW
0.9346573,35.276148,2018-05-03,Trans-Nzoia County,FAW
0.00295,36.2274,2018-05-03,Nakuru,FAW
0.9346573,35.276148,2018-05-03,Trans-Nzoia County,FAW
0.9346573,35.276148,2018-05-03,Trans-Nzoia County,FAW
0.77749,34.71794,2018-05-03,Bungoma County,FAW
0.77749,34.71794,2018-05-03,Bungoma County,FAW
0.77749,34.71794,2018-05-03,Bungoma County,FAW
-0.57318,37.32643,2018-05-03,Kirinyaga County,FAW
-0.25034,36.11021,2018-05-03,Nakuru,FAW
-0.2925258,36.1189362,2018-05-03,Nakuru,FAW
-0.25034,36.11021,2018-05-03,Nakuru,FAW
-0.07661,36.16851,2018-05-02,Nakuru,FAW
1.014648,35.0089911,2018-05-02,Trans-Nzoia County,FAW
1.0147526,35.0089678,2018-05-02,Trans-Nzoia County,FAW
0.00295,36.2274,2018-05-02,Nakuru,FAW
-0.5365,37.4541,2018-05-02,Embu,FAW
-0.25462,36.23458,2018-05-02,Nakuru,FAW
1.2583479,35.102292,2018-04-30,West Pokot,FAW
1.2583479,35.102292,2018-04-30,West Pokot,FAW
-0.5027351,37.4556339,2018-04-27,Embu,FAW
-0.5049079,37.4543259,2018-04-27,Embu,FAW
-1.49538,37.2663,2018-04-30,Machakos County,FAW
-0.05862,36.2154,2018-04-30,Nakuru,FAW
-1.3391864,37.4432928,2018-04-30,Machakos County,FAW
-0.50537,37.72824,2018-04-30,Embu,FAW
-0.50537,37.72824,2018-04-30,Embu,FAW
-1.49538,37.2663,2018-04-30,Machakos County,FAW
-1.3391864,37.4432928,2018-04-30,Machakos County,FAW
-0.62385,37.298427,2018-04-30,Kirinyaga County,FAW
-0.51003,37.52088,2018-04-30,Embu,FAW
-0.4671209,37.6912368,2018-04-27,Embu,FAW
-0.381526441,37.83991685,2018-04-28,Tharaka-Nithi,FAW
-0.381526441,37.83991685,2018-04-28,Tharaka-Nithi,FAW
-0.381526441,37.83991685,2018-04-28,Tharaka-Nithi,FAW
-0.381526441,37.83991685,2018-04-28,Tharaka-Nithi,FAW
-0.5293152,37.4556339,2018-04-27,Embu,FAW
0.77749,34.71794,2018-04-27,Bungoma County,FAW
0.9346573,35.276148,2018-04-26,Trans-Nzoia County,FAW
-1.79007,36.0595,2018-04-26,Kajiado County,FAW
0.9346573,35.276148,2018-04-26,Trans-Nzoia County,FAW
0.9346573,35.276148,2018-04-26,Trans-Nzoia County,FAW
-2.9314095,37.5033104,2018-04-26,Kajiado County,FAW
-2.9312435,37.5027272,2018-04-26,Kajiado County,FAW
-0.52697,37.01729,2018-04-26,Nyeri,FAW
-0.52697,37.01729,2018-04-26,Nyeri,FAW
-0.5852,37.290795,2018-04-26,Kirinyaga County,FAW
-1.089464671,35.95504539,2018-04-26,Narok,FAW
-0.63085,37.112393,2018-04-26,Nyeri,FAW
-1.2198685,36.7126891,2018-04-26,Kiambu,FAW
-1.58253,37.24501,2018-04-26,Machakos County,FAW
-1.58253,37.24501,2018-04-26,Machakos County,FAW
-1.58253,37.24501,2018-04-26,Machakos County,FAW
-1.58253,37.24501,2018-04-26,Machakos County,FAW
-0.62768,37.10609,2018-04-26,Nyeri,FAW
-1.21993,36.7134,2018-04-26,Kiambu,FAW
-1.21993,36.7134,2018-04-26,Kiambu,FAW
1.238108,35.14218,2018-04-25,West Pokot,FAW
1.053395,35.5888663,2018-04-26,Elgeyo-Marakwet County,FAW
-0.25462,36.23458,2018-04-26,Nakuru,FAW
-1.089464671,35.95504539,2018-04-25,Narok,FAW
-0.55989,37.052,2018-04-25,Nyeri,FAW
-0.5589,37.075,2018-04-25,Nyeri,FAW
0.77076,34.75954,2018-04-25,Bungoma County,FAW
-1.46785,37.30344,2018-04-25,Machakos County,FAW
0.7841277,34.7243049,2018-04-25,Bungoma County,FAW
0.77076,34.75954,2018-04-25,Bungoma County,FAW
-1.2654995,36.7985028,2018-04-25,Nairobi County,FAW
-1.21822,36.65172,2018-04-24,Kiambu,FAW
0.77862,34.7895,2018-04-24,Bungoma County,FAW
0.77862,34.7895,2018-04-24,Bungoma County,FAW
0.77862,34.7895,2018-04-24,Bungoma County,FAW
0.77749,34.71794,2018-04-24,Bungoma County,FAW
-0.082103,36.180612,2018-04-23,Nakuru,FAW
-1.28124,36.61225,2018-04-23,Kiambu,FAW
-1.28124,36.61225,2018-04-23,Kiambu,FAW
-0.51003,37.52088,2018-04-23,Embu,FAW
-0.51003,37.52088,2018-04-23,Embu,FAW
-0.51003,37.52088,2018-04-23,Embu,FAW
-0.51003,37.52088,2018-04-23,Embu,FAW
-1.28308,36.7267,2018-04-20,Nairobi County,FAW
-1.2815976,36.6451021,2018-04-20,Kiambu,FAW
-1.28308,36.7267,2018-04-20,Nairobi County,FAW
-0.05862,36.2154,2018-04-20,Nakuru,FAW
0.08633,34.234243,2018-04-20,Siaya County,FAW
-4.3709909,39.4011586,2018-04-19,Kwale,FAW
-0.577144,37.03649,2018-04-19,Nyeri,FAW
-0.577144,37.03649,2018-04-19,Nyeri,FAW
-0.577144,37.03649,2018-04-19,Nyeri,FAW
0.77749,34.71794,2018-04-19,Bungoma County,FAW
-0.605488,37.46312,2018-04-19,Kirinyaga County,FAW
0.77749,34.71794,2018-04-19,Bungoma County,FAW
0.7834962,34.724744,2018-04-19,Bungoma County,FAW
0.77749,34.71794,2018-04-19,Bungoma County,FAW
0.77749,34.71794,2018-04-19,Bungoma County,FAW
-0.381526441,37.83991685,2018-04-19,Tharaka-Nithi,FAW
-0.381526441,37.83991685,2018-04-19,Tharaka-Nithi,FAW
-0.381526441,37.83991685,2018-04-19,Tharaka-Nithi,FAW
-1.520054,37.27124,2018-04-18,Machakos County,FAW
-1.520054,37.27124,2018-04-18,Machakos County,FAW
-1.2380939,36.6000688,2018-04-18,Kiambu,FAW
-1.2380939,36.6000688,2018-04-18,Kiambu,FAW
0.81863313,34.75862115,2018-04-18,Bungoma County,FAW
-0.51128,37.47353,2018-04-18,Embu,FAW
-0.5360786,37.4532949,2018-04-18,Embu,FAW
-0.5360774,37.4532961,2018-04-18,Embu,FAW
-0.5365,37.4541,2018-04-18,Embu,FAW
-0.25034,36.11021,2018-04-18,Nakuru,FAW
0.08633,34.234243,2018-04-18,Siaya County,FAW
1.2644533,35.130475,2018-04-17,West Pokot,FAW
1.0124943,35.3209552,2018-04-17,Trans-Nzoia County,FAW
-0.51003,37.52088,2018-04-16,Embu,FAW
-0.51003,37.52088,2018-04-16,Embu,FAW
-0.51003,37.52088,2018-04-16,Embu,FAW
-0.3973193,37.5915767,2018-04-16,Embu,FAW
-1.3790951,37.2545736,2018-04-15,Machakos County,FAW
-1.3752691,37.2478215,2018-04-15,Machakos County,FAW
0.6188297,34.5851958,2018-04-16,Bungoma County,FAW
-0.41188,37.68892,2018-04-13,Tharaka-Nithi,FAW
-0.41188,37.68892,2018-04-13,Tharaka-Nithi,FAW
-1.58253,37.24501,2018-04-13,Machakos County,FAW
-1.58253,37.24501,2018-04-13,Machakos County,FAW
-1.58253,37.24501,2018-04-13,Machakos County,FAW
-1.58253,37.24501,2018-04-13,Machakos County,FAW
-1.58253,37.24501,2018-04-13,Machakos County,FAW
-0.5857,37.29047,2018-04-12,Kirinyaga County,FAW
-0.5857,37.29047,2018-04-12,Kirinyaga County,FAW
-2.998274871,37.62601476,2018-04-12,Kajiado County,FAW
-2.894053569,37.5884336,2018-04-12,Kajiado County,FAW
-0.5857,37.29047,2018-04-12,Kirinyaga County,FAW
-0.62768,37.10609,2018-04-12,Nyeri,FAW
-0.62768,37.10609,2018-04-12,Nyeri,FAW
-0.426134,37.47909,2018-04-12,Embu,FAW
-0.5520727,37.0737128,2018-04-11,Nyeri,FAW
-0.5520727,37.0737128,2018-04-11,Nyeri,FAW
-0.5365,37.4541,2018-04-11,Embu,FAW
-0.51128,37.47353,2018-04-11,Embu,FAW
-1.46785,37.30344,2018-04-11,Machakos County,FAW
-1.46785,37.30344,2018-04-11,Machakos County,FAW
-1.46785,37.30344,2018-04-11,Machakos County,FAW
-0.46959,37.5062,2018-04-10,Embu,FAW
-0.51003,37.52088,2018-04-10,Embu,FAW
-1.8546139,36.7825261,2018-04-10,Kajiado County,FAW
-0.46959,37.5062,2018-04-10,Embu,FAW
-0.56745,36.997,2018-04-09,Nyeri,FAW
-0.56745,36.997,2018-04-09,Nyeri,FAW
-0.56745,36.997,2018-04-09,Nyeri,FAW
-1.28124,36.61225,2018-04-09,Kiambu,FAW
-1.28124,36.61225,2018-04-09,Kiambu,FAW
-0.51003,37.52088,2018-04-09,Embu,FAW
-0.51003,37.52088,2018-04-09,Embu,FAW
-0.51003,37.52088,2018-04-09,Embu,FAW
-0.5292477,37.4525658,2018-04-06,Embu,FAW
-0.5293545,37.452558,2018-04-06,Embu,FAW
-0.68136,37.35478,2018-04-06,Kirinyaga County,FAW
-0.4791417,37.4696401,2018-04-06,Embu,FAW
0.12731,36.26622,2018-04-05,Nakuru,FAW
-0.1547748,34.8391333,2018-04-05,Kisumu County,FAW
-0.605488,37.46312,2018-04-05,Kirinyaga County,FAW
-0.426134,37.47909,2018-04-05,Embu,FAW
-0.57318,37.32643,2018-04-05,Kirinyaga County,FAW
-0.57318,37.32643,2018-04-05,Kirinyaga County,FAW
-1.23515,37.47248,2018-04-04,Machakos County,FAW
0.8934956,34.9163746,2018-04-04,Trans-Nzoia County,FAW
0.8934956,34.9163746,2018-04-04,Trans-Nzoia County,FAW
-1.2433585,37.4546333,2018-04-04,Machakos County,FAW
-1.089464671,35.95504539,2018-04-04,Narok,FAW
1.20277813,35.10882195,2018-04-03,West Pokot,FAW
-1.4125,37.33193,2018-04-03,Machakos County,FAW
-1.372557,37.3474926,2018-04-03,Machakos County,FAW
0.77749,34.71794,2018-04-03,Bungoma County,FAW
-1.089464671,35.95504539,2018-04-02,Narok,FAW
-0.63085,37.112393,2018-03-29,Nyeri,FAW
-0.41188,37.68892,2018-03-29,Tharaka-Nithi,FAW
-0.62768,37.10609,2018-03-29,Nyeri,FAW
-0.62768,37.10609,2018-03-29,Nyeri,FAW
-0.381526441,37.83991685,2018-03-29,Tharaka-Nithi,FAW
-0.5292287,37.4531912,2018-03-28,Embu,FAW
-0.2021928,34.8187994,2018-03-28,Kisumu County,FAW
-0.1547748,34.8391333,2018-03-28,Kisumu County,FAW
-0.5450711,37.08178083,2018-03-28,Nyeri,FAW
-1.32801,37.44187,2018-03-27,Machakos County,FAW
-1.5823211,37.2452071,2018-03-27,Machakos County,FAW
-0.62385,37.298427,2018-03-26,Kirinyaga County,FAW
-0.634157,37.2936946,2018-03-26,Kirinyaga County,FAW
-0.62385,37.298427,2018-03-26,Kirinyaga County,FAW
-0.62385,37.298427,2018-03-26,Kirinyaga County,FAW
1.0236526,34.9896091,2018-03-26,Trans-Nzoia County,FAW
1.0182623,34.9876212,2018-03-26,Trans-Nzoia County,FAW
1.0209702,34.9855675,2018-03-26,Trans-Nzoia County,FAW
-0.51003,37.52088,2018-03-26,Embu,FAW
-0.41188,37.68892,2018-03-23,Tharaka-Nithi,FAW
-0.2018037,34.8190363,2018-03-24,Kisumu County,FAW
-0.5296165,37.4525349,2018-03-23,Embu,FAW
-1.49538,37.2663,2018-03-23,Machakos County,FAW
-1.49538,37.2663,2018-03-23,Machakos County,FAW
-1.49538,37.2663,2018-03-23,Machakos County,FAW
-1.49538,37.2663,2018-03-23,Machakos County,FAW
-1.49538,37.2663,2018-03-23,Machakos County,FAW
-0.47389,37.46408,2018-03-23,Embu,FAW
-0.50537,37.72824,2018-03-21,Embu,FAW
-0.3973193,37.5915767,2018-03-20,Embu,FAW
-0.3970836,37.5919096,2018-03-20,Embu,FAW
-0.3973193,37.5915767,2018-03-20,Embu,FAW
-0.56745,36.997,2018-03-19,Nyeri,FAW
-0.5589,37.075,2018-03-19,Nyeri,FAW
-0.6430817,37.2372161,2018-03-19,Kirinyaga County,FAW
-0.5599069,37.235621,2018-03-19,Kirinyaga County,FAW
1.0209238,34.9855839,2018-03-19,Trans-Nzoia County,FAW
1.0236529,34.9896093,2018-03-19,Trans-Nzoia County,FAW
-0.55989,37.052,2018-03-13,Nyeri,FAW
-0.62768,37.10609,2018-03-15,Nyeri,FAW
-2.998274871,37.62601476,2018-03-15,Kajiado County,FAW
-2.998274871,37.62601476,2018-03-15,Kajiado County,FAW
-2.998274871,37.62601476,2018-03-15,Kajiado County,FAW
-0.6457923,37.3187462,2018-03-14,Kirinyaga County,FAW
-1.28124,36.61225,2018-03-12,Kiambu,FAW
-1.28124,36.61225,2018-03-12,Kiambu,FAW
-0.354264243,37.66641602,2018-03-09,Tharaka-Nithi,FAW
-1.23515,37.47248,2018-03-07,Machakos County,FAW
0.9690326,35.05194832,2018-03-07,Trans-Nzoia County,FAW
0.9690326,35.05194832,2018-03-07,Trans-Nzoia County,FAW
0.9690326,35.05194832,2018-03-07,Trans-Nzoia County,FAW
0.9690326,35.05194832,2018-03-07,Trans-Nzoia County,FAW
-1.49538,37.2663,2018-03-07,Machakos County,FAW
0.9346573,35.276148,2018-03-06,Trans-Nzoia County,FAW
0.9346573,35.276148,2018-03-06,Trans-Nzoia County,FAW
-0.5589,37.075,2018-03-05,Nyeri,FAW
-0.5589,37.075,2018-03-05,Nyeri,FAW
-0.5589,37.075,2018-03-05,Nyeri,FAW
-1.28124,36.61225,2018-03-05,Kiambu,FAW
-0.5049148,37.4543885,2018-03-02,Embu,FAW
-0.68136,37.35478,2018-03-02,Kirinyaga County,FAW
-0.528999,37.461081,2018-03-02,Embu,FAW
-1.37581284,37.25048533,2018-03-01,Machakos County,FAW
-1.49538,37.2663,2018-02-28,Machakos County,FAW
-1.21822,36.65172,2018-02-27,Kiambu,FAW
-0.318592,37.65946,2018-02-23,Tharaka-Nithi,FAW
-0.5857,37.29047,2018-02-22,Kirinyaga County,FAW
-0.5857,37.29047,2018-02-22,Kirinyaga County,FAW
-0.63085,37.112393,2018-02-22,Nyeri,FAW
-0.63085,37.112393,2018-02-22,Nyeri,FAW
-0.63085,37.112393,2018-02-22,Nyeri,FAW
-0.63085,37.112393,2018-02-22,Nyeri,FAW
-0.63085,37.112393,2018-02-22,Nyeri,FAW
-0.63085,37.112393,2018-02-22,Nyeri,FAW
-0.63085,37.112393,2018-02-22,Nyeri,FAW
-0.63085,37.112393,2018-02-22,Nyeri,FAW
-0.07661,36.16851,2018-02-21,Nakuru,FAW
-0.5589,37.075,2018-02-19,Nyeri,FAW
-0.51003,37.52088,2018-02-19,Embu,FAW
-1.28124,36.61225,2018-02-19,Kiambu,FAW
-1.28124,36.61225,2018-02-19,Kiambu,FAW
1.130162,34.8264285,2018-02-17,Trans-Nzoia County,FAW
-0.354264243,37.66641602,2018-02-16,Tharaka-Nithi,FAW
-0.3970853,37.5915767,2018-02-16,Embu,FAW
-0.6596672,37.1149668,2018-02-15,Murang'a County,FAW
-0.53427365,37.05557279,2018-02-15,Nyeri,FAW
-0.41188,37.68892,2018-02-13,Tharaka-Nithi,FAW
-0.51128,37.47353,2018-02-09,Embu,FAW
1.0406658,35.3205255,2018-02-08,Elgeyo-Marakwet County,FAW
1.0419719,35.3171925,2018-02-08,Elgeyo-Marakwet County,FAW
1.0580648,35.2106801,2018-02-08,Trans-Nzoia County,FAW
-2.9294756,37.5034307,2018-02-06,Kajiado County,FAW
-0.51003,37.52088,2018-02-06,Embu,FAW
-0.46959,37.5062,2018-02-06,Embu,FAW
-0.5589,37.075,2018-02-05,Nyeri,FAW
-0.56745,36.997,2018-02-05,Nyeri,FAW
-1.2826949,36.6459934,2018-02-02,Kiambu,FAW
-1.520054,37.27124,2018-01-31,Machakos County,FAW
-1.520054,37.27124,2018-01-31,Machakos County,FAW
-1.520054,37.27124,2018-01-31,Machakos County,FAW
-0.51003,37.52088,2018-01-29,Embu,FAW
-0.5414906,36.9891685,2018-01-26,Nyeri,FAW
-1.79007,36.0595,2018-01-25,Kajiado County,FAW
-2.8119982,37.4958208,2018-01-25,Kajiado County,FAW
-0.63085,37.112393,2018-01-25,Nyeri,FAW
-0.928184,35.86498,2018-01-24,Narok,FAW
-1.2431016,36.6628923,2018-01-24,Kiambu,FAW
-1.28308,36.7267,2018-01-24,Nairobi County,FAW
-1.28308,36.7267,2018-01-24,Nairobi County,FAW
-1.21822,36.65172,2018-01-23,Kiambu,FAW
-1.21822,36.65172,2018-01-23,Kiambu,FAW
-1.58253,37.24501,2018-01-23,Machakos County,FAW
-1.58253,37.24501,2018-01-23,Machakos County,FAW
-0.56745,36.997,2018-01-22,Nyeri,FAW
-1.2916052,36.6095289,2018-01-22,Kiambu,FAW
-0.5589,37.075,2018-01-22,Nyeri,FAW
-0.5589,37.075,2018-01-22,Nyeri,FAW
-0.5589,37.075,2018-01-22,Nyeri,FAW
-0.5589,37.075,2018-01-22,Nyeri,FAW
-1.2916052,36.6095289,2018-01-22,Kiambu,FAW
-1.2829438,36.6456561,2018-01-19,Kiambu,FAW
-0.57658598,37.43290221,2018-01-19,Kirinyaga County,FAW
0.9690326,35.05194832,2018-01-17,Trans-Nzoia County,FAW
-0.51003,37.52088,2018-01-16,Embu,FAW
-1.2223644,36.6127205,2018-01-15,Kiambu,FAW
-1.79007,36.0595,2018-01-11,Kajiado County,FAW
-0.52697,37.01729,2018-01-11,Nyeri,FAW
-2.9265531,37.5179736,2018-01-11,Kajiado County,FAW
-2.9132544,37.5103091,2018-01-10,Kajiado County,FAW
-0.5365,37.4541,2018-01-10,Embu,FAW
-0.56745,36.997,2018-01-08,Nyeri,FAW
-0.57318,37.32643,2018-01-04,Kirinyaga County,FAW
-0.442,37.4368,2017-12-30,Embu,FAW
-0.4487697,37.4149686,2017-12-30,Kirinyaga County,FAW
-0.4487697,37.4149686,2017-12-30,Kirinyaga County,FAW
-0.50537,37.72824,2017-12-29,Embu,FAW
-1.21822,36.65172,2017-12-29,Kiambu,FAW
-1.21822,36.65172,2017-12-29,Kiambu,FAW
-0.5857,37.29047,2017-12-28,Kirinyaga County,FAW
-1.79007,36.0595,2017-12-28,Kajiado County,FAW
-1.79007,36.0595,2017-12-28,Kajiado County,FAW
-0.63085,37.112393,2017-12-28,Nyeri,FAW
-0.63085,37.112393,2017-12-28,Nyeri,FAW
-0.63085,37.112393,2017-12-28,Nyeri,FAW
-1.520054,37.27124,2017-12-28,Machakos County,FAW
-0.57318,37.32643,2017-12-28,Kirinyaga County,FAW
0.8097101,35.0534424,2017-12-22,Kakamega County,FAW
-0.5522856,37.4052552,2017-12-21,Kirinyaga County,FAW
-0.50537,37.72824,2017-12-20,Embu,FAW
-0.50537,37.72824,2017-12-20,Embu,FAW
-1.58253,37.24501,2017-12-20,Machakos County,FAW
-0.5589,37.075,2017-12-18,Nyeri,FAW
-0.5365,37.4541,2017-12-20,Embu,FAW
0.77862,34.7895,2017-12-19,Bungoma County,FAW
-1.21822,36.65172,2017-12-19,Kiambu,FAW
-1.21822,36.65172,2017-12-19,Kiambu,FAW
-0.5589,37.075,2017-12-18,Nyeri,FAW
-0.5589,37.075,2017-12-18,Nyeri,FAW
-0.5589,37.075,2017-12-18,Nyeri,FAW
-1.21822,36.65172,2017-12-15,Kiambu,FAW
-1.27974379,36.64480705,2017-12-15,Kiambu,FAW
-1.27974379,36.64480705,2017-12-15,Kiambu,FAW
-0.52697,37.01729,2017-12-14,Nyeri,FAW
-0.52697,37.01729,2017-12-14,Nyeri,FAW
-0.5857,37.29047,2017-12-14,Kirinyaga County,FAW
-0.52697,37.01729,2017-12-14,Nyeri,FAW
-0.63085,37.112393,2017-12-14,Nyeri,FAW
-0.63085,37.112393,2017-12-14,Nyeri,FAW
-0.63085,37.112393,2017-12-14,Nyeri,FAW
-0.63085,37.112393,2017-12-14,Nyeri,FAW
-0.63085,37.112393,2017-12-14,Nyeri,FAW
-1.49538,37.2663,2017-12-14,Machakos County,FAW
-0.62768,37.10609,2017-12-14,Nyeri,FAW
-0.62768,37.10609,2017-12-14,Nyeri,FAW
-0.5659854,37.0072406,2017-12-14,Nyeri,FAW
-0.5659854,37.0072406,2017-12-14,Nyeri,FAW
-1.49538,37.2663,2017-12-13,Machakos County,FAW
-1.58253,37.24501,2017-12-13,Machakos County,FAW
-1.58253,37.24501,2017-12-13,Machakos County,FAW
-1.58253,37.24501,2017-12-13,Machakos County,FAW
-1.58253,37.24501,2017-12-13,Machakos County,FAW
-1.28308,36.7267,2017-12-13,Nairobi County,FAW
-1.28308,36.7267,2017-12-13,Nairobi County,FAW
-1.28308,36.7267,2017-12-13,Nairobi County,FAW
-0.5258723,37.077548,2017-12-12,Nyeri,FAW
-0.56745,36.997,2017-12-11,Nyeri,FAW
-0.5589,37.075,2017-12-11,Nyeri,FAW
-0.5589,37.075,2017-12-11,Nyeri,FAW
-0.5589,37.075,2017-12-11,Nyeri,FAW
-0.56745,36.997,2017-12-11,Nyeri,FAW
-1.344176,36.64176,2017-12-11,Kajiado County,FAW
-1.37581284,37.25048533,2017-12-11,Machakos County,FAW
-0.51003,37.52088,2017-12-11,Embu,FAW
-0.381526441,37.83991685,2017-12-09,Tharaka-Nithi,FAW
-0.381526441,37.83991685,2017-12-09,Tharaka-Nithi,FAW
0.8936452,34.9252505,2017-12-07,Trans-Nzoia County,FAW
-0.5659854,37.0072406,2017-12-07,Nyeri,FAW
-0.56745,36.997,2017-12-07,Nyeri,FAW
-1.21993,36.7134,2017-12-07,Kiambu,FAW
-1.23515,37.47248,2017-12-06,Machakos County,FAW
-0.50537,37.72824,2017-12-06,Embu,FAW
-0.50537,37.72824,2017-12-06,Embu,FAW
-0.5365,37.4541,2017-12-06,Embu,FAW
-0.5359379,37.4534122,2017-12-06,Embu,FAW
-0.5293129,37.4559674,2017-12-05,Embu,FAW
-0.51003,37.52088,2017-12-05,Embu,FAW
-1.3992183,36.6844302,2017-12-05,Kajiado County,FAW
0.77862,34.7895,2017-12-05,Bungoma County,FAW
-0.335613,37.82998,2017-12-05,Tharaka-Nithi,FAW
-0.335613,37.82998,2017-12-05,Tharaka-Nithi,FAW
0.060405,34.282978,2017-12-05,Siaya County,FAW
-0.6237882,37.2983519,2017-12-04,Kirinyaga County,FAW
-0.6229779,37.3010483,2017-12-04,Kirinyaga County,FAW
-0.5589,37.075,2017-12-02,Nyeri,FAW
-0.5589,37.075,2017-12-02,Nyeri,FAW
-1.4184771,37.3244413,2017-12-01,Machakos County,FAW
-0.354264243,37.66641602,2017-12-01,Tharaka-Nithi,FAW
-0.47389,37.46408,2017-12-01,Embu,FAW
-0.47389,37.46408,2017-12-01,Embu,FAW
-0.354264243,37.66641602,2017-12-01,Tharaka-Nithi,FAW
-0.63085,37.112393,2017-11-30,Nyeri,FAW
-0.6511987,37.1207202,2017-11-30,Murang'a County,FAW
-0.63085,37.112393,2017-11-30,Nyeri,FAW
-0.5857,37.29047,2017-11-30,Kirinyaga County,FAW
-0.5857,37.29047,2017-11-30,Kirinyaga County,FAW
-0.63085,37.112393,2017-11-30,Nyeri,FAW
-1.58253,37.24501,2017-11-30,Machakos County,FAW
-0.63085,37.112393,2017-11-30,Nyeri,FAW
-0.63085,37.112393,2017-11-30,Nyeri,FAW
-0.63085,37.112393,2017-11-30,Nyeri,FAW
-1.58253,37.24501,2017-11-30,Machakos County,FAW
-0.62768,37.10609,2017-11-30,Nyeri,FAW
-0.4478335,37.479993,2017-11-30,Embu,FAW
-0.57318,37.32643,2017-11-30,Kirinyaga County,FAW
-0.577144,37.03649,2017-11-30,Nyeri,FAW
-0.397792,37.5912126,2017-11-30,Embu,FAW
-0.381526441,37.83991685,2017-11-30,Tharaka-Nithi,FAW
-0.9982082,35.6008312,2017-11-29,Narok,FAW
-2.9304354,37.5153078,2017-11-29,Kajiado County,FAW
0.00295,36.2274,2017-11-29,Nakuru,FAW
-0.381526441,37.83991685,2017-11-30,Tharaka-Nithi,FAW
-0.5561952,37.0547849,2017-11-29,Nyeri,FAW
-0.51128,37.47353,2017-11-29,Embu,FAW
-1.4004217,36.7656218,2017-11-29,Kajiado County,FAW
-0.335613,37.82998,2017-11-29,Tharaka-Nithi,FAW
-0.5365,37.4541,2017-11-29,Embu,FAW
-1.28124,36.61225,2017-11-27,Kiambu,FAW
-0.6238378,37.298405,2017-11-27,Kirinyaga County,FAW
-0.623834,37.2984245,2017-11-27,Kirinyaga County,FAW
-0.64574801,37.31893156,2017-11-27,Kirinyaga County,FAW
-0.64574801,37.31893156,2017-11-27,Kirinyaga County,FAW
-1.344176,36.64176,2017-11-27,Kajiado County,FAW
-1.4047617,37.3327941,2017-11-24,Machakos County,FAW
-1.5822858,37.245135,2017-11-24,Machakos County,FAW
-0.6607976,37.1151267,2017-11-23,Murang'a County,FAW
-0.47389,37.46408,2017-11-24,Embu,FAW
-0.47389,37.46408,2017-11-24,Embu,FAW
-0.47389,37.46408,2017-11-24,Embu,FAW
0.12731,36.26622,2017-11-23,Nakuru,FAW
-0.577144,37.03649,2017-11-23,Nyeri,FAW
-1.2195747,36.7128822,2017-11-23,Kiambu,FAW
-0.426134,37.47909,2017-11-23,Embu,FAW
-0.3977889,37.5912438,2017-11-23,Embu,FAW
-0.3970853,37.5915767,2017-11-23,Embu,FAW
-0.3970853,37.5915767,2017-11-23,Embu,FAW
-0.4476182,37.4799763,2017-11-23,Embu,FAW
-0.426134,37.47909,2017-11-23,Embu,FAW
-0.426134,37.47909,2017-11-23,Embu,FAW
-1.20149598,36.72548724,2017-11-22,Kiambu,FAW
-1.28308,36.7267,2017-11-22,Nairobi County,FAW
-1.20149598,36.72548724,2017-11-22,Kiambu,FAW
-1.20149598,36.72548724,2017-11-22,Kiambu,FAW
-0.51128,37.47353,2017-11-22,Embu,FAW
-0.5121445,37.4600246,2017-11-22,Embu,FAW
-0.5365,37.4541,2017-11-22,Embu,FAW
-0.318592,37.65946,2017-11-22,Tharaka-Nithi,FAW
-1.21822,36.65172,2017-11-21,Kiambu,FAW
-0.318592,37.65946,2017-11-22,Tharaka-Nithi,FAW
-0.318592,37.65946,2017-11-22,Tharaka-Nithi,FAW
-0.318592,37.65946,2017-11-22,Tharaka-Nithi,FAW
-0.318592,37.65946,2017-11-22,Tharaka-Nithi,FAW
-0.318592,37.65946,2017-11-22,Tharaka-Nithi,FAW
-0.318592,37.65946,2017-11-22,Tharaka-Nithi,FAW
-0.318592,37.65946,2017-11-22,Tharaka-Nithi,FAW
-0.18922883,36.12451105,2017-11-22,Nakuru,FAW
-0.15368374,36.14513992,2017-11-22,Nakuru,FAW
-0.0380026,36.222013,2017-11-21,Nakuru,FAW
-1.21822,36.65172,2017-11-21,Kiambu,FAW
-1.21822,36.65172,2017-11-21,Kiambu,FAW
-1.408468098,37.48089637,2017-11-21,Machakos County,FAW
0.00295,36.2274,2017-11-21,Nakuru,FAW
-0.34158,37.62088,2017-11-21,Tharaka-Nithi,FAW
-0.34158,37.62088,2017-11-21,Tharaka-Nithi,FAW
-1.3889794,36.6834222,2017-11-21,Kajiado County,FAW
-0.34158,37.62088,2017-11-21,Tharaka-Nithi,FAW
-0.34158,37.62088,2017-11-21,Tharaka-Nithi,FAW
-0.56745,36.997,2017-11-20,Nyeri,FAW
-0.115301,36.2225,2017-11-20,Nyandarua,FAW
-0.4699266,37.552953,2017-11-21,Embu,FAW
-0.57658598,37.43290221,2017-11-20,Kirinyaga County,FAW
-1.21822,36.65172,2017-11-17,Kiambu,FAW
-1.21822,36.65172,2017-11-17,Kiambu,FAW
-1.27974379,36.64480705,2017-11-17,Kiambu,FAW
-1.27974379,36.64480705,2017-11-17,Kiambu,FAW
-0.47389,37.46408,2017-11-17,Embu,FAW
-0.47389,37.46408,2017-11-17,Embu,FAW
-0.47389,37.46408,2017-11-17,Embu,FAW
-0.354264243,37.66641602,2017-11-17,Tharaka-Nithi,FAW
-0.354264243,37.66641602,2017-11-17,Tharaka-Nithi,FAW
-0.381526441,37.83991685,2017-11-17,Tharaka-Nithi,FAW
-0.381526441,37.83991685,2017-11-17,Tharaka-Nithi,FAW
-0.381526441,37.83991685,2017-11-17,Tharaka-Nithi,FAW
-0.381526441,37.83991685,2017-11-17,Tharaka-Nithi,FAW
-0.3977889,37.5912438,2017-11-17,Embu,FAW
-0.63085,37.112393,2017-11-16,Nyeri,FAW
-0.63085,37.112393,2017-11-16,Nyeri,FAW
-0.63085,37.112393,2017-11-16,Nyeri,FAW
-0.63085,37.112393,2017-11-16,Nyeri,FAW
-3.176272,37.733,2017-11-16,Kajiado County,FAW
-0.605488,37.46312,2017-11-16,Kirinyaga County,FAW
-0.335613,37.82998,2017-11-16,Tharaka-Nithi,FAW
0.00295,36.2274,2017-11-15,Nakuru,FAW
-1.28308,36.7267,2017-11-15,Nairobi County,FAW
-1.28308,36.7267,2017-11-15,Nairobi County,FAW
-1.28308,36.7267,2017-11-15,Nairobi County,FAW
-0.318592,37.65946,2017-11-15,Tharaka-Nithi,FAW
-0.318592,37.65946,2017-11-15,Tharaka-Nithi,FAW
-0.318592,37.65946,2017-11-15,Tharaka-Nithi,FAW
-0.318592,37.65946,2017-11-15,Tharaka-Nithi,FAW
-0.318592,37.65946,2017-11-15,Tharaka-Nithi,FAW
-0.318592,37.65946,2017-11-15,Tharaka-Nithi,FAW
-0.5128013,37.4623039,2017-11-15,Embu,FAW
-0.5709673,37.0642919,2017-11-14,Nyeri,FAW
-0.5582344,37.0570091,2017-11-14,Nyeri,FAW
-1.28308,36.7267,2017-11-14,Nairobi County,FAW
-1.28308,36.7267,2017-11-14,Nairobi County,FAW
-1.28308,36.7267,2017-11-14,Nairobi County,FAW
-1.28124,36.61225,2017-11-13,Kiambu,FAW
-0.50537,37.72824,2017-11-13,Embu,FAW
-1.21822,36.65172,2017-11-13,Kiambu,FAW
-1.28124,36.61225,2017-11-13,Kiambu,FAW
-0.51003,37.52088,2017-11-13,Embu,FAW
-0.51003,37.52088,2017-11-13,Embu,FAW
-0.335613,37.82998,2017-11-10,Tharaka-Nithi,FAW
-0.577144,37.03649,2017-11-09,Nyeri,FAW
-0.57318,37.32643,2017-11-09,Kirinyaga County,FAW
0.77749,34.71794,2017-11-09,Bungoma County,FAW
-0.318592,37.65946,2017-11-09,Tharaka-Nithi,FAW
-0.318592,37.65946,2017-11-09,Tharaka-Nithi,FAW
-0.318592,37.65946,2017-11-09,Tharaka-Nithi,FAW
-0.318592,37.65946,2017-11-09,Tharaka-Nithi,FAW
-1.23515,37.47248,2017-11-08,Machakos County,FAW
-1.23515,37.47248,2017-11-08,Machakos County,FAW
-1.79007,36.0595,2017-11-08,Kajiado County,FAW
-0.55989,37.052,2017-11-08,Nyeri,FAW
-0.55989,37.052,2017-11-08,Nyeri,FAW
0.12731,36.26622,2017-11-06,Nakuru,FAW
-0.66629,37.2937,2017-11-06,Kirinyaga County,FAW
-0.6682778,37.2900174,2017-11-06,Kirinyaga County,FAW
-1.278437,36.6180088,2017-11-06,Kiambu,FAW
-1.278437,36.6180088,2017-11-06,Kiambu,FAW
-0.57658598,37.43290221,2017-11-06,Kirinyaga County,FAW
-0.68136,37.35478,2017-11-03,Kirinyaga County,FAW
-0.57658598,37.43290221,2017-11-03,Kirinyaga County,FAW
-0.3970853,37.5915767,2017-11-03,Embu,FAW
0.89346,34.92562,2017-11-02,Trans-Nzoia County,FAW
0.89346,34.92562,2017-11-02,Trans-Nzoia County,FAW
0.89346,34.92562,2017-11-02,Trans-Nzoia County,FAW
-1.4706062,37.2979112,2017-11-03,Machakos County,FAW
-0.57318,37.32643,2017-11-02,Kirinyaga County,FAW
-1.4729242,37.2965418,2017-11-02,Machakos County,FAW
-1.4706062,37.2979112,2017-11-02,Machakos County,FAW
-1.4706062,37.2979112,2017-11-02,Machakos County,FAW
-0.34158,37.62088,2017-11-01,Tharaka-Nithi,FAW
-0.55989,37.052,2017-10-31,Nyeri,FAW
-0.6232172,37.300714,2017-10-30,Kirinyaga County,FAW
-0.62385,37.298427,2017-10-30,Kirinyaga County,FAW
-0.5589,37.075,2017-10-23,Nyeri,FAW
-0.115301,36.2225,2017-10-23,Nyandarua,FAW
-0.56745,36.997,2017-10-23,Nyeri,FAW
-1.2802181,36.6171609,2017-10-23,Kiambu,FAW
-1.2802181,36.6171609,2017-10-23,Kiambu,FAW
1.2644533,35.130475,2017-10-19,West Pokot,FAW
-0.52697,37.01729,2017-10-19,Nyeri,FAW
-0.64574801,37.31893156,2017-10-19,Kirinyaga County,FAW
-0.64574801,37.31893156,2017-10-19,Kirinyaga County,FAW
-0.51128,37.47353,2017-10-19,Embu,FAW
-1.0009869,35.6131361,2017-10-18,Narok,FAW
0.784739,34.7240828,2017-10-18,Bungoma County,FAW
0.77862,34.7895,2017-10-17,Bungoma County,FAW
-0.57658598,37.43290221,2017-10-16,Kirinyaga County,FAW
-1.79007,36.0595,2017-10-16,Kajiado County,FAW
-0.6328785,37.3611863,2017-10-17,Kirinyaga County,FAW
-0.50537,37.72824,2017-10-12,Embu,FAW
-0.63085,37.112393,2017-10-12,Nyeri,FAW
-0.63085,37.112393,2017-10-12,Nyeri,FAW
-0.63085,37.112393,2017-10-12,Nyeri,FAW
-0.63085,37.112393,2017-10-12,Nyeri,FAW
-0.5295306,37.4558168,2017-10-12,Embu,FAW
-0.5295306,37.4558168,2017-10-12,Embu,FAW
0.77862,34.7895,2017-10-10,Bungoma County,FAW
-0.5589,37.075,2017-10-09,Nyeri,FAW
-0.57318,37.32643,2017-10-05,Kirinyaga County,FAW
0.77749,34.71794,2017-10-05,Bungoma County,FAW
-0.5365,37.4541,2017-10-04,Embu,FAW
-0.56745,36.997,2017-10-02,Nyeri,FAW
-0.56745,36.997,2017-10-02,Nyeri,FAW
-0.2445108,36.1128348,2017-10-03,Nakuru,FAW
-0.57658598,37.43290221,2017-10-02,Kirinyaga County,FAW
-0.47389,37.46408,2017-09-29,Embu,FAW
0.7215956,34.7585019,2017-09-29,Bungoma County,FAW
0.81863313,34.75862115,2017-09-29,Bungoma County,FAW
-0.41188,37.68892,2017-09-28,Tharaka-Nithi,FAW
-0.50537,37.72824,2017-09-28,Embu,FAW
0.77749,34.71794,2017-09-28,Bungoma County,FAW
-0.577144,37.03649,2017-09-28,Nyeri,FAW
0.77749,34.71794,2017-09-28,Bungoma County,FAW
-1.2201477,36.7135826,2017-09-28,Kiambu,FAW
-0.5450711,37.08178083,2017-09-26,Nyeri,FAW
-0.5589,37.075,2017-09-25,Nyeri,FAW
-0.5589,37.075,2017-09-25,Nyeri,FAW
-0.5589,37.075,2017-09-25,Nyeri,FAW
-1.344176,36.64176,2017-09-25,Kajiado County,FAW
-0.4747937,37.4654302,2017-09-22,Embu,FAW
-1.089464671,35.95504539,2017-09-21,Narok,FAW
-0.5088859,37.4568848,2017-09-21,Embu,FAW
-0.442,37.4368,2017-09-20,Embu,FAW
-0.1585916,34.8543113,2017-09-18,Kisumu County,FAW
-0.57658598,37.43290221,2017-09-18,Kirinyaga County,FAW
-0.426134,37.47909,2017-09-18,Embu,FAW
-2.998274871,37.62601476,2017-09-14,Kajiado County,FAW
-0.4610568,37.7139133,2017-09-14,Embu,FAW
-0.4447744,37.7128589,2017-09-14,Tharaka-Nithi,FAW
-0.4514646,37.6981404,2017-09-14,Embu,FAW
-0.4610568,37.7139133,2017-09-14,Embu,FAW
-0.577144,37.03649,2017-09-14,Nyeri,FAW
-0.63085,37.112393,2017-09-14,Nyeri,FAW
0.77749,34.71794,2017-09-14,Bungoma County,FAW
-0.426134,37.47909,2017-09-14,Embu,FAW
-0.50537,37.72824,2017-09-13,Embu,FAW
-0.082103,36.180612,2017-09-13,Nakuru,FAW
0.7215922,34.7584322,2017-09-13,Bungoma County,FAW
-0.5365,37.4541,2017-09-13,Embu,FAW
-0.51128,37.47353,2017-09-12,Embu,FAW
-0.158832,34.8543113,2017-09-11,Kisumu County,FAW
0.0909173,36.2491674,2017-09-11,Nakuru,FAW
0.0909445,36.2492223,2017-09-07,Nakuru,FAW
-1.23515,37.47248,2017-09-06,Machakos County,FAW
-1.23515,37.47248,2017-09-06,Machakos County,FAW
0.77862,34.7895,2017-09-06,Bungoma County,FAW
-0.442,37.4368,2017-09-06,Embu,FAW
-0.082103,36.180612,2017-09-04,Nakuru,FAW
0.00295,36.2274,2017-09-04,Nakuru,FAW
-0.6263643,37.0298186,2017-08-31,Murang'a County,FAW
-0.50537,37.72824,2017-08-30,Embu,FAW
-0.50537,37.72824,2017-08-30,Embu,FAW
0.00295,36.2274,2017-08-29,Nakuru,FAW
-1.28308,36.7267,2017-08-29,Nairobi County,FAW
-0.115301,36.2225,2017-08-28,Nyandarua,FAW
-1.28124,36.61225,2017-08-28,Kiambu,FAW
-0.3280631,37.649405,2017-08-28,Tharaka-Nithi,FAW
-1.21822,36.65172,2017-08-25,Kiambu,FAW
-0.082103,36.180612,2017-08-24,Nakuru,FAW
-0.41188,37.68892,2017-08-23,Tharaka-Nithi,FAW
-0.50537,37.72824,2017-08-18,Embu,FAW
-0.5355792,37.4519721,2017-08-16,Embu,FAW
1.2634622,35.1239556,2017-08-15,West Pokot,FAW
-0.5450711,37.08178083,2017-08-15,Nyeri,FAW
-0.15732,36.105,2017-08-15,Nakuru,FAW
-0.115301,36.2225,2017-08-14,Nyandarua,FAW
1.09703746,34.78778656,2017-08-11,Trans-Nzoia County,FAW
-1.23515,37.47248,2017-08-02,Machakos County,FAW
0.12731,36.26622,2017-07-28,Nakuru,FAW
-0.5857,37.29047,2017-07-27,Kirinyaga County,FAW
-1.21993,36.7134,2017-07-27,Kiambu,FAW
-1.21993,36.7134,2017-07-27,Kiambu,FAW
-1.28308,36.7267,2017-07-26,Nairobi County,FAW
-0.96993428,35.89853636,2017-07-25,Narok,FAW
-0.0380026,36.222013,2017-07-25,Nakuru,FAW
-0.2159,36.1648,2017-07-26,Nakuru,FAW
0.190729,34.295948,2017-07-24,Siaya County,FAW
-1.089464671,35.95504539,2017-07-24,Narok,FAW
0.8919745,34.9130387,2017-07-21,Trans-Nzoia County,FAW
0.8919745,34.9130387,2017-07-21,Trans-Nzoia County,FAW
1.09703746,34.78778656,2017-07-24,Trans-Nzoia County,FAW
1.09703746,34.78778656,2017-07-24,Trans-Nzoia County,FAW
1.09703746,34.78778656,2017-07-24,Trans-Nzoia County,FAW
1.09703746,34.78778656,2017-07-24,Trans-Nzoia County,FAW
0.9346573,35.276148,2017-07-20,Trans-Nzoia County,FAW
-0.577144,37.03649,2017-07-20,Nyeri,FAW
-0.07661,36.16851,2017-07-19,Nakuru,FAW
0.00295,36.2274,2017-07-19,Nakuru,FAW
0.00295,36.2274,2017-07-19,Nakuru,FAW
-0.07661,36.16851,2017-07-19,Nakuru,FAW
-0.15368374,36.14513992,2017-07-19,Nakuru,FAW
-0.15368374,36.14513992,2017-07-19,Nakuru,FAW
-1.3875813,36.6803852,2017-07-18,Kajiado County,FAW
-1.28124,36.61225,2017-07-17,Kiambu,FAW
-0.104757957,36.16258509,2017-07-13,Nakuru,FAW
-0.104757957,36.16258509,2017-07-13,Nakuru,FAW
0.8919745,34.9130387,2017-07-13,Trans-Nzoia County,FAW
1.0145792,35.1967382,2017-07-14,Trans-Nzoia County,FAW
-0.5857,37.29047,2017-07-13,Kirinyaga County,FAW
-0.5855849,37.2918155,2017-07-13,Kirinyaga County,FAW
-0.5857,37.29047,2017-07-13,Kirinyaga County,FAW
-1.2200213,36.7133191,2017-07-13,Kiambu,FAW
0.7786343,34.7200313,2017-07-13,Bungoma County,FAW
0.7771557,34.7207222,2017-07-13,Bungoma County,FAW
0.7786343,34.7200313,2017-07-13,Bungoma County,FAW
-0.115301,36.2225,2017-07-12,Nyandarua,FAW
-0.1457874,36.1497747,2017-07-12,Nakuru,FAW
-0.25034,36.11021,2017-07-11,Nakuru,FAW
-0.25034,36.11021,2017-07-11,Nakuru,FAW
-0.25034,36.11021,2017-07-11,Nakuru,FAW
0.060405,34.282978,2017-07-11,Siaya County,FAW
1.09703746,34.78778656,2017-07-10,Trans-Nzoia County,FAW
0.9690326,35.05194832,2017-07-05,Trans-Nzoia County,FAW
0.00295,36.2274,2017-07-05,Nakuru,FAW
0.00295,36.2274,2017-07-05,Nakuru,FAW
-0.07661,36.16851,2017-07-05,Nakuru,FAW
-0.07661,36.16851,2017-07-05,Nakuru,FAW
0.77862,34.7895,2017-07-04,Bungoma County,FAW
1.2574903,35.1176863,2017-07-04,West Pokot,FAW
1.2644533,35.130475,2017-07-04,West Pokot,FAW
1.2644533,35.130475,2017-07-04,West Pokot,FAW
-0.104757957,36.16258509,2017-06-30,Nakuru,FAW
-0.104757957,36.16258509,2017-06-30,Nakuru,FAW
0.9995849,34.9721929,2017-06-30,Trans-Nzoia County,FAW
-1.28308,36.7267,2017-06-30,Nairobi County,FAW
0.89346,34.92562,2017-06-29,Trans-Nzoia County,FAW
0.89346,34.92562,2017-06-29,Trans-Nzoia County,FAW
0.89346,34.92562,2017-06-29,Trans-Nzoia County,FAW
-1.7881755,36.0526545,2017-06-29,Kajiado County,FAW
-0.104757957,36.16258509,2017-06-29,Nakuru,FAW
-0.104757957,36.16258509,2017-06-29,Nakuru,FAW
-0.104757957,36.16258509,2017-06-29,Nakuru,FAW
-1.28308,36.7267,2017-06-29,Nairobi County,FAW
-0.426134,37.47909,2017-06-29,Embu,FAW
1.0152158,35.0088077,2017-06-28,Trans-Nzoia County,FAW
0.9346573,35.276148,2017-06-27,Trans-Nzoia County,FAW
-0.15732,36.105,2017-06-27,Nakuru,FAW
0.060405,34.282978,2017-06-27,Siaya County,FAW
0.89346,34.92562,2017-06-23,Trans-Nzoia County,FAW
-0.0380026,36.222013,2017-06-23,Nakuru,FAW
-1.28308,36.7267,2017-06-23,Nairobi County,FAW
0.89346,34.92562,2017-06-22,Trans-Nzoia County,FAW
1.1317697,35.1038775,2017-06-21,Trans-Nzoia County,FAW
1.0152158,35.0088077,2017-06-21,Trans-Nzoia County,FAW
-0.07661,36.16851,2017-06-21,Nakuru,FAW
-0.07661,36.16851,2017-06-21,Nakuru,FAW
-0.07661,36.16851,2017-06-21,Nakuru,FAW
-0.2159,36.1648,2017-06-21,Nakuru,FAW
-0.2159,36.1648,2017-06-21,Nakuru,FAW
-1.28308,36.7267,2017-06-21,Nairobi County,FAW
-1.28308,36.7267,2017-06-21,Nairobi County,FAW
-1.28308,36.7267,2017-06-21,Nairobi County,FAW
-0.2578827,36.2317242,2017-06-21,Nakuru,FAW
-0.18922883,36.12451105,2017-06-21,Nakuru,FAW
-0.18922883,36.12451105,2017-06-21,Nakuru,FAW
0.00295,36.2274,2017-06-20,Nakuru,FAW
-1.3918697,36.6828976,2017-06-20,Kajiado County,FAW
1.0881905,34.8180738,2017-06-20,Trans-Nzoia County,FAW
1.0172481,34.9989535,2017-06-20,Trans-Nzoia County,FAW
-0.0233436,36.2163448,2017-06-19,Nakuru,FAW
-1.28124,36.61225,2017-06-19,Kiambu,FAW
-1.79007,36.0595,2017-06-17,Kajiado County,FAW
0.076808,34.2579625,2017-06-16,Siaya County,FAW
1.2644533,35.130475,2017-06-15,West Pokot,FAW
0.89346,34.92562,2017-06-15,Trans-Nzoia County,FAW
-1.7835391,36.066402,2017-06-15,Kajiado County,FAW
-0.104757957,36.16258509,2017-06-15,Nakuru,FAW
-0.082103,36.180612,2017-06-15,Nakuru,FAW
-0.035813,36.198263,2017-06-14,Nakuru,FAW
-0.035813,36.198263,2017-06-14,Nakuru,FAW
-0.1461222,36.1499578,2017-06-14,Nakuru,FAW
-1.2176383,36.6518424,2017-06-13,Kiambu,FAW
-1.2176383,36.6518424,2017-06-13,Kiambu,FAW
-1.28308,36.7267,2017-06-13,Nairobi County,FAW
-1.28308,36.7267,2017-06-13,Nairobi County,FAW
-0.25034,36.11021,2017-06-13,Nakuru,FAW
-0.2324005,36.1160044,2017-06-13,Nakuru,FAW
0.0987601,36.2305682,2017-06-13,Nakuru,FAW
1.09703746,34.78778656,2017-06-12,Trans-Nzoia County,FAW
1.09703746,34.78778656,2017-06-12,Trans-Nzoia County,FAW
-0.51128,37.47353,2017-06-09,Embu,FAW
0.8910238,34.9098633,2017-06-11,Trans-Nzoia County,FAW
0.89346,34.92562,2017-06-11,Trans-Nzoia County,FAW
0.9046896,34.9332743,2017-06-11,Trans-Nzoia County,FAW
0.9346573,35.276148,2017-06-09,Trans-Nzoia County,FAW
1.09703746,34.78778656,2017-06-09,Trans-Nzoia County,FAW
1.0943314,34.81761,2017-06-09,Trans-Nzoia County,FAW
1.0943314,34.81761,2017-06-09,Trans-Nzoia County,FAW
0.89346,34.92562,2017-06-08,Trans-Nzoia County,FAW
-0.64574801,37.31893156,2017-06-08,Kirinyaga County,FAW
0.77749,34.71794,2017-06-08,Bungoma County,FAW
-1.2200092,36.7133405,2017-06-08,Kiambu,FAW
-1.2200092,36.7133405,2017-06-08,Kiambu,FAW
-1.21993,36.7134,2017-06-08,Kiambu,FAW
-1.2220597,36.7004931,2017-06-08,Kiambu,FAW
-1.21993,36.7134,2017-06-08,Kiambu,FAW
0.0986226,36.2305103,2017-06-08,Nakuru,FAW
-0.07661,36.16851,2017-06-07,Nakuru,FAW
-0.07661,36.16851,2017-06-07,Nakuru,FAW
-0.07661,36.16851,2017-06-07,Nakuru,FAW
-0.07661,36.16851,2017-06-07,Nakuru,FAW
-0.07661,36.16851,2017-06-07,Nakuru,FAW
0.784546,34.7275088,2017-06-07,Bungoma County,FAW
-0.18922883,36.12451105,2017-06-07,Nakuru,FAW
-0.18922883,36.12451105,2017-06-07,Nakuru,FAW
-0.1757458,36.1248337,2017-06-07,Nakuru,FAW
-0.18922883,36.12451105,2017-06-07,Nakuru,FAW
-0.25462,36.23458,2017-06-07,Nakuru,FAW
1.20277813,35.10882195,2017-06-06,West Pokot,FAW
1.2644533,35.130475,2017-06-06,West Pokot,FAW
1.2644533,35.130475,2017-06-06,West Pokot,FAW
0.77862,34.7895,2017-06-06,Bungoma County,FAW
-1.21822,36.65172,2017-06-06,Kiambu,FAW
1.09703746,34.78778656,2017-06-06,Trans-Nzoia County,FAW
0.77862,34.7895,2017-06-06,Bungoma County,FAW
0.77862,34.7895,2017-06-06,Bungoma County,FAW
0.77862,34.7895,2017-06-06,Bungoma County,FAW
-0.15368374,36.14513992,2017-06-06,Nakuru,FAW
-0.0380026,36.222013,2017-06-05,Nakuru,FAW
1.0020446,35.2456022,2017-06-05,Trans-Nzoia County,FAW
0.9048534,34.9334002,2017-06-02,Trans-Nzoia County,FAW
-1.79007,36.0595,2017-06-01,Kajiado County,FAW
0.0602005,36.2184913,2017-06-02,Nakuru,FAW
0.99319,34.87029,2017-05-31,Trans-Nzoia County,FAW
0.81863313,34.75862115,2017-05-31,Bungoma County,FAW
1.2644533,35.130475,2017-05-30,West Pokot,FAW
1.2644533,35.130475,2017-05-30,West Pokot,FAW
0.77862,34.7895,2017-05-30,Bungoma County,FAW
0.77862,34.7895,2017-05-30,Bungoma County,FAW
0.982222,35.22098,2017-05-28,Trans-Nzoia County,FAW
0.9346573,35.276148,2017-05-25,Trans-Nzoia County,FAW
-0.5857,37.29047,2017-05-25,Kirinyaga County,FAW
0.77749,34.71794,2017-05-25,Bungoma County,FAW
-0.57318,37.32643,2017-05-25,Kirinyaga County,FAW
-1.21993,36.7134,2017-05-25,Kiambu,FAW
0.9346573,35.276148,2017-05-24,Trans-Nzoia County,FAW
0.9346573,35.276148,2017-05-24,Trans-Nzoia County,FAW
0.79611,34.665526,2017-05-24,Bungoma County,FAW
-1.28308,36.7267,2017-05-24,Nairobi County,FAW
0.79611,34.665526,2017-05-24,Bungoma County,FAW
-0.5365,37.4541,2017-05-24,Embu,FAW
-0.5365,37.4541,2017-05-24,Embu,FAW
-0.18922883,36.12451105,2017-05-24,Nakuru,FAW
-0.18922883,36.12451105,2017-05-24,Nakuru,FAW
-0.18922883,36.12451105,2017-05-24,Nakuru,FAW
-0.18922883,36.12451105,2017-05-24,Nakuru,FAW
-0.18922883,36.12451105,2017-05-24,Nakuru,FAW
-0.1703008,36.1251733,2017-05-24,Nakuru,FAW
-0.18922883,36.12451105,2017-05-24,Nakuru,FAW
-0.18922883,36.12451105,2017-05-24,Nakuru,FAW
-0.104757957,36.16258509,2017-05-23,Nakuru,FAW
1.20277813,35.10882195,2017-05-23,West Pokot,FAW
-1.21822,36.65172,2017-05-23,Kiambu,FAW
-0.15732,36.105,2017-05-23,Nakuru,FAW
0.9346573,35.276148,2017-05-22,Trans-Nzoia County,FAW
0.9346573,35.276148,2017-05-22,Trans-Nzoia County,FAW
-0.0380026,36.222013,2017-05-22,Nakuru,FAW
-0.035813,36.198263,2017-05-22,Nakuru,FAW
-0.115301,36.2225,2017-05-22,Nyandarua,FAW
-0.0380026,36.222013,2017-05-19,Nakuru,FAW
-0.0380026,36.222013,2017-05-19,Nakuru,FAW
-1.27974379,36.64480705,2017-05-19,Kiambu,FAW
-0.47389,37.46408,2017-05-19,Embu,FAW
0.89346,34.92562,2017-05-18,Trans-Nzoia County,FAW
0.95475,35.61245,2017-05-18,Elgeyo-Marakwet County,FAW
0.95475,35.61245,2017-05-18,Elgeyo-Marakwet County,FAW
0.9346573,35.276148,2017-05-18,Trans-Nzoia County,FAW
0.9346573,35.276148,2017-05-18,Trans-Nzoia County,FAW
0.89346,34.92562,2017-05-18,Trans-Nzoia County,FAW
0.89346,34.92562,2017-05-18,Trans-Nzoia County,FAW
-0.431004,37.4781172,2017-05-18,Embu,FAW
0.81863313,34.75862115,2017-05-18,Bungoma County,FAW
-0.537175,37.4535483,2017-05-17,Embu,FAW
0.00295,36.2274,2017-05-17,Nakuru,FAW
-0.50537,37.72824,2017-05-17,Embu,FAW
-0.96993428,35.89853636,2017-05-16,Narok,FAW
-0.57658598,37.43290221,2017-05-15,Kirinyaga County,FAW
-1.49538,37.2663,2017-05-15,Machakos County,FAW
1.09703746,34.78778656,2017-05-15,Trans-Nzoia County,FAW
-1.408468098,37.48089637,2017-05-12,Machakos County,FAW
-0.418800298,37.50348991,2017-05-12,Embu,FAW
0.9346573,35.276148,2017-05-12,Trans-Nzoia County,FAW
0.9346573,35.276148,2017-05-11,Trans-Nzoia County,FAW
0.9346573,35.276148,2017-05-11,Trans-Nzoia County,FAW
-1.79007,36.0595,2017-05-11,Kajiado County,FAW
-0.4612408,37.7139565,2017-05-11,Embu,FAW
0.00295,36.2274,2017-05-10,Nakuru,FAW
-0.426134,37.47909,2017-05-10,Embu,FAW
-0.18922883,36.12451105,2017-05-10,Nakuru,FAW
-0.18922883,36.12451105,2017-05-10,Nakuru,FAW
-0.18922883,36.12451105,2017-05-10,Nakuru,FAW
0.9346573,35.276148,2017-05-08,Trans-Nzoia County,FAW
0.9346573,35.276148,2017-05-08,Trans-Nzoia County,FAW
-0.57318,37.32643,2017-05-08,Kirinyaga County,FAW
0.08633,34.234243,2017-05-05,Siaya County,FAW
-1.79007,36.0595,2017-05-04,Kajiado County,FAW
0.9346573,35.276148,2017-05-04,Trans-Nzoia County,FAW
0.9346573,35.276148,2017-05-04,Trans-Nzoia County,FAW
0.9346573,35.276148,2017-05-04,Trans-Nzoia County,FAW
-0.426134,37.47909,2017-05-04,Embu,FAW
0.7800332,34.7893231,2017-05-04,Bungoma County,FAW
0.8895827,34.9107956,2017-05-03,Trans-Nzoia County,FAW
1.20277813,35.10882195,2017-05-02,West Pokot,FAW
0.77749,34.71794,2017-05-02,Bungoma County,FAW
0.060405,34.282978,2017-05-02,Siaya County,FAW
0.060405,34.282978,2017-05-02,Siaya County,FAW
0.99297,35.00517,2017-04-29,Trans-Nzoia County,FAW
0.99297,35.00517,2017-04-29,Trans-Nzoia County,FAW
0.99297,35.00517,2017-04-29,Trans-Nzoia County,FAW
0.99297,35.00517,2017-04-29,Trans-Nzoia County,FAW
-1.4422754,37.2445583,2017-04-28,Machakos County,FAW
0.9346573,35.276148,2017-04-27,Trans-Nzoia County,FAW
0.9346573,35.276148,2017-04-27,Trans-Nzoia County,FAW
0.9346573,35.276148,2017-04-27,Trans-Nzoia County,FAW
0.9690326,35.05194832,2017-04-26,Trans-Nzoia County,FAW
0.79611,34.665526,2017-04-26,Bungoma County,FAW
0.79611,34.665526,2017-04-26,Bungoma County,FAW
0.79611,34.665526,2017-04-26,Bungoma County,FAW
-1.79007,36.0595,2017-04-25,Kajiado County,FAW
0.060405,34.282978,2017-04-26,Siaya County,FAW
-1.7868987,36.0494032,2017-04-24,Kajiado County,FAW
-1.79007,36.0595,2017-04-24,Kajiado County,FAW
0.89346,34.92562,2017-04-20,Trans-Nzoia County,FAW
0.89346,34.92562,2017-04-20,Trans-Nzoia County,FAW
0.89346,34.92562,2017-04-20,Trans-Nzoia County,FAW
0.89346,34.92562,2017-04-20,Trans-Nzoia County,FAW
0.89346,34.92562,2017-04-20,Trans-Nzoia County,FAW
0.08633,34.234243,2017-04-21,Siaya County,FAW
0.08633,34.234243,2017-04-21,Siaya County,FAW
0.08633,34.234243,2017-04-21,Siaya County,FAW
0.08633,34.234243,2017-04-21,Siaya County,FAW
0.08633,34.234243,2017-04-21,Siaya County,FAW
0.77749,34.71794,2017-04-20,Bungoma County,FAW
0.77749,34.71794,2017-04-20,Bungoma County,FAW
0.89346,34.92562,2017-04-18,Trans-Nzoia County,FAW
1.20277813,35.10882195,2017-04-18,West Pokot,FAW
0.060405,34.282978,2017-04-18,Siaya County,FAW
0.060405,34.282978,2017-04-18,Siaya County,FAW
0.060405,34.282978,2017-04-18,Siaya County,FAW
0.060405,34.282978,2017-04-18,Siaya County,FAW
0.060405,34.282978,2017-04-18,Siaya County,FAW
0.8897975,34.9094295,2017-04-14,Trans-Nzoia County,FAW
0.89346,34.92562,2017-04-13,Trans-Nzoia County,FAW
0.904791,34.9332955,2017-04-13,Trans-Nzoia County,FAW
0.89346,34.92562,2017-04-13,Trans-Nzoia County,FAW
0.904791,34.9332955,2017-04-13,Trans-Nzoia County,FAW
0.73706324,34.68771768,2017-04-13,Bungoma County,FAW
0.73706324,34.68771768,2017-04-13,Bungoma County,FAW
0.73706324,34.68771768,2017-04-13,Bungoma County,FAW
0.73706324,34.68771768,2017-04-13,Bungoma County,FAW
0.73706324,34.68771768,2017-04-13,Bungoma County,FAW
0.73706324,34.68771768,2017-04-13,Bungoma County,FAW
0.79611,34.665526,2017-04-12,Bungoma County,FAW
0.79611,34.665526,2017-04-12,Bungoma County,FAW
0.73706324,34.68771768,2017-04-12,Bungoma County,FAW
0.79611,34.665526,2017-04-12,Bungoma County,FAW
0.79611,34.665526,2017-04-12,Bungoma County,FAW
0.79611,34.665526,2017-04-12,Bungoma County,FAW
0.79611,34.665526,2017-04-12,Bungoma County,FAW
0.79611,34.665526,2017-04-12,Bungoma County,FAW
0.79611,34.665526,2017-04-12,Bungoma County,FAW
0.79611,34.665526,2017-04-12,Bungoma County,FAW
0.79611,34.665526,2017-04-12,Bungoma County,FAW
0.79611,34.665526,2017-04-12,Bungoma County,FAW
0.79611,34.665526,2017-04-12,Bungoma County,FAW
0.79611,34.665526,2017-04-12,Bungoma County,FAW
0.79611,34.665526,2017-04-12,Bungoma County,FAW
0.79611,34.665526,2017-04-12,Bungoma County,FAW
0.77862,34.7895,2017-04-11,Bungoma County,FAW
0.77862,34.7895,2017-04-11,Bungoma County,FAW
0.77862,34.7895,2017-04-11,Bungoma County,FAW
0.060405,34.282978,2017-04-11,Siaya County,FAW
0.060405,34.282978,2017-04-11,Siaya County,FAW
0.060405,34.282978,2017-04-11,Siaya County,FAW
0.060405,34.282978,2017-04-11,Siaya County,FAW
0.060405,34.282978,2017-04-11,Siaya County,FAW
0.060405,34.282978,2017-04-11,Siaya County,FAW
0.7932692,34.7163129,2017-04-10,Bungoma County,FAW
-1.79007,36.0595,2017-04-07,Kajiado County,FAW
0.08633,34.234243,2017-04-07,Siaya County,FAW
0.08633,34.234243,2017-04-07,Siaya County,FAW
0.08633,34.234243,2017-04-07,Siaya County,FAW
0.08633,34.234243,2017-04-07,Siaya County,FAW
-1.79007,36.0595,2017-04-04,Kajiado County,FAW
0.77862,34.7895,2017-04-04,Bungoma County,FAW
0.77862,34.7895,2017-04-04,Bungoma County,FAW
0.77862,34.7895,2017-04-04,Bungoma County,FAW
0.77862,34.7895,2017-04-04,Bungoma County,FAW
0.77862,34.7895,2017-04-04,Bungoma County,FAW
0.77862,34.7895,2017-04-04,Bungoma County,FAW
0.060405,34.282978,2017-04-04,Siaya County,FAW
0.81863313,34.75862115,2017-04-03,Bungoma County,FAW
0.81863313,34.75862115,2017-04-03,Bungoma County,FAW
1.09703746,34.78778656,2017-04-03,Trans-Nzoia County,FAW
0.99297,35.00517,2017-03-31,Trans-Nzoia County,FAW
0.9346573,35.276148,2017-03-30,Trans-Nzoia County,FAW
0.9346573,35.276148,2017-03-30,Trans-Nzoia County,FAW
0.9346573,35.276148,2017-03-30,Trans-Nzoia County,FAW
0.99297,35.00517,2017-03-28,Trans-Nzoia County,FAW
0.99297,35.00517,2017-03-28,Trans-Nzoia County,FAW
0.99297,35.00517,2017-03-24,Trans-Nzoia County,FAW
-1.58253,37.24501,2017-03-23,Machakos County,FAW
0.99297,35.00517,2017-03-22,Trans-Nzoia County,FAW
-1.5825432,37.2447336,2017-01-31,Machakos County,FAW
1.02563,35.27245,2016-07-07,Trans-Nzoia County,FAW
0.9690326,35.05194832,2015-10-07,Trans-Nzoia County,FAW
0.95475,35.61245,2015-06-25,Elgeyo-Marakwet County,FAW
-0.275,36.1748,2024-11-04,Nakuru,FAW
1.03927,35.32052,2024-05-08,Elgeyo-Marakwet County,FAW
1.03927,35.32052,2024-05-22,Elgeyo-Marakwet County,FAW
1.03927,35.32052,2024-05-29,Elgeyo-Marakwet County,FAW
1.03927,35.32052,2024-05-29,Elgeyo-Marakwet County,FAW
0.9346573,35.276148,2023-04-27,Trans-Nzoia County,FAW
0.9346573,35.276148,2023-06-15,Trans-Nzoia County,FAW
0.9346573,35.276148,2023-06-15,Trans-Nzoia County,FAW
0.9346573,35.276148,2023-06-08,Trans-Nzoia County,FAW
0.9346573,35.276148,2023-06-08,Trans-Nzoia County,FAW
-4.57847,39.15319,2023-05-02,Kwale,FAW
1.03927,35.32052,2023-05-03,Elgeyo-Marakwet County,FAW
1.03927,35.32052,2023-05-03,Elgeyo-Marakwet County,FAW
0.9346573,35.276148,2023-05-11,Trans-Nzoia County,FAW
0.9346573,35.276148,2023-05-11,Trans-Nzoia County,FAW
0.9346573,35.276148,2023-05-11,Trans-Nzoia County,FAW
0.9346573,35.276148,2023-05-11,Trans-Nzoia County,FAW
0.9346573,35.276148,2023-05-11,Trans-Nzoia County,FAW
1.03927,35.32052,2023-05-17,Elgeyo-Marakwet County,FAW
1.03927,35.32052,2023-05-17,Elgeyo-Marakwet County,FAW
1.03927,35.32052,2023-05-20,Elgeyo-Marakwet County,FAW
0.9346573,35.276148,2023-05-25,Trans-Nzoia County,FAW
0.9346573,35.276148,2023-05-25,Trans-Nzoia County,FAW
0.9346573,35.276148,2023-05-25,Trans-Nzoia County,FAW
0.13556866,34.02947606,2023-04-21,Busia County,FAW
-0.931085,34.223145,2023-04-18,Migori County,FAW
1.03927,35.32052,2023-01-11,Elgeyo-Marakwet County,FAW
0.9346573,35.276148,2022-12-16,Trans-Nzoia County,FAW
-1.79007,36.0595,2017-03-17,Kajiado County,FAW
0.79611,34.665526,2017-04-26,Bungoma County,FAW
0.190729,34.295948,2017-04-26,Siaya County,FAW
1.09703746,34.78778656,2017-05-15,Trans-Nzoia County,FAW
0.89346,34.92562,2017-06-09,Trans-Nzoia County,FAW
0.89346,34.92562,2017-06-23,Trans-Nzoia County,FAW
-0.104757957,36.16258509,2017-06-29,Nakuru,FAW
-1.7881755,36.0526545,2017-06-29,Kajiado County,FAW
1.09703746,34.78778656,2017-07-24,Trans-Nzoia County,FAW
-0.5450711,37.08178083,2017-09-26,Nyeri,FAW
-0.63085,37.112393,2017-10-12,Nyeri,FAW
-0.63085,37.112393,2017-10-12,Nyeri,FAW
-0.5709673,37.0642919,2017-11-14,Nyeri,FAW
-0.577144,37.03649,2017-12-14,Nyeri,FAW
-0.5589,37.075,2017-12-18,Nyeri,FAW
-0.15368374,36.14513992,2018-01-22,Nakuru,FAW
0.77862,34.7895,2018-02-21,Bungoma County,FAW
1.2644533,35.130475,2018-04-10,West Pokot,FAW
-0.5589,37.075,2018-04-23,Nyeri,FAW
-1.2200231,36.7131324,2018-05-24,Kiambu,FAW
-1.28124,36.61225,2018-10-17,Kiambu,FAW
-1.5821187,37.2455708,2019-02-26,Machakos County,FAW
-0.5589,37.075,2019-06-24,Nyeri,FAW
