tavg,prec,tmax,tmin,vapr,wind
10.900002,15.166667,15.875,5.9500003,1.0408331,1.5333333
13.254168625,34.333333625,18.49166675,8.2250005125,1.2555206375,1.8520833250000002
15.60833525,53.50000025,21.1083335,10.500000725,1.470208175,2.17083335
17.962501875,72.666666875,23.72500025,12.7750009375,1.6848957125,2.489583375
20.3166685,91.83333350000001,26.341667,15.05000115,1.89958325,2.8083334000000004
22.670835125,111.00000012500001,28.95833375,17.3250013625,2.1142707875,3.1270834250000004
25.02500175,130.16666675,31.5750005,19.600001575,2.3289583250000003,3.4458334500000003
27.379168375,149.333333375,34.19166725,21.8750017875,2.5436458625,3.7645834750000002
29.733335,168.5,36.808334,24.150002,2.7583334,4.0833335
