tavg,prec,tmax,tmin,vapr,wind
8.45,15.583333,14.733335,2.1666667,0.99666667,1.3666667
11.070833,36.750000125,17.428126625,4.8854166125,1.2141666737499999,1.7249999875
13.691666,57.91666725,20.12291825,7.604166525,1.4316666775,2.083333275
16.312499,79.08333437499999,22.817709875,10.3229164375,1.6491666812499999,2.4416665625
18.933332,100.2500015,25.5125015,13.04166635,1.8666666849999998,2.79999985
21.554165,121.416668625,28.207293125,15.7604162625,2.08416668875,3.1583331375
24.174998000000002,142.58333575,30.90208475,18.479166175,2.3016666924999996,3.5166664250000004
26.795831,163.750002875,33.596876375,21.197916087499998,2.51916669625,3.8749997125
29.416664,184.91667,36.291668,23.916666,2.7366667,4.233333
