bio_19_prec_coldest_quarter,bio_04_temp_seasonality,bio_02_mean_diurnal_range,bio_03_isothermality,bio_12_annual_prec,bio_15_prec_seasonality,bio_08_mean_temp_wettest_quarter,bio_13_prec_wettest_month,bio_17_prec_driest_quarter,bio_09_mean_temp_driest_quarter,bio_10_mean_temp_warmest_quarter,bio_01_annual_mean_temp,bio_14_prec_driest_month,bio_16_prec_wettest_quarter,bio_06_min_temp_coldest_month,bio_18_prec_warmest_quarter,bio_11_mean_temp_coldest_quarter,bio_05_max_temp_warmest_month,bio_07_temp_annual_range
0.0,57.022057,6.0416665,64.48412,314.0,28.765581,5.2999997,72.0,0.0,3.7666667,5.9333334,4.8875,0.0,159.0,-1.3,39.0,3.7666667,12.9,8.999998
74.375,71.226791125,7.2562498125,67.53256,601.875,41.985538375000004,8.0624997375,144.5,41.375,6.8541667375,8.777083225,7.69375,11.75,287.375,1.7500000000000002,152.5,6.5499999875,15.7,10.32499825
148.75,85.43152524999999,8.470833125,70.581,889.75,55.20549575,10.824999774999998,217.0,82.75,9.941666775,11.62083305,10.5,23.5,415.75,4.800000000000001,266.0,9.333333275,18.5,11.6499985
223.125,99.63625937500001,9.685416437499999,73.62944,1177.625,68.425453125,13.587499812499999,289.5,124.125,13.0291668125,14.464582875,13.306249999999999,35.25,544.125,7.8500000000000005,379.5,12.116666562499999,21.299999999999997,12.974998750000001
297.5,113.8409935,10.89999975,76.67788,1465.5,81.6454105,16.34999985,362.0,165.5,16.11666685,17.3083327,16.1125,47.0,672.5,10.9,493.0,14.899999849999999,24.1,14.299999
371.875,128.045727625,12.1145830625,79.72632,1753.375,94.865367875,19.1124998875,434.5,206.875,19.2041668875,20.152082524999997,18.91875,58.75,800.875,13.950000000000001,606.5,17.6833331375,26.9,15.624999250000002
446.25,142.25046175,13.329166375,82.77476,2041.25,108.08532525,21.874999924999997,507.0,248.25,22.291666925,22.99583235,21.724999999999998,70.5,929.25,17.0,720.0,20.466666425,29.699999999999996,16.9499995
520.625,156.45519587500002,14.5437496875,85.8232,2329.125,121.30528262499999,24.637499962499998,579.5,289.625,25.3791669625,25.839582174999997,24.53125,82.25,1057.625,20.05,833.5,23.2499997125,32.5,18.27499975
595.0,170.65993,15.758333,88.87164,2617.0,134.52524,27.4,652.0,331.0,28.466667,28.683332,27.3375,94.0,1186.0,23.1,947.0,26.033333,35.3,19.6
